"","danceability","energy","key","loudness","mode","speechiness","acousticness","instrumentalness","liveness","valence","tempo","type","id","uri","track_href","analysis_url","duration_ms","time_signature","track_name"
"1",0.486,0.545,11,-7.924,1,0.0336,0.0652,0.00474,0.0642,0.0385,150.187,"audio_features","4FyesJzVpA39hbYvcseO2d","spotify:track:4FyesJzVpA39hbYvcseO2d","https://api.spotify.com/v1/tracks/4FyesJzVpA39hbYvcseO2d","https://api.spotify.com/v1/audio-analysis/4FyesJzVpA39hbYvcseO2d",123891,4,"Just Wanna Rock"
"2",0.653,0.474,5,-10.899,0,0.103,0.312,6.65e-06,0.119,0.361,85.024,"audio_features","31mzt4ZV8C0f52pIz1NSwd","spotify:track:31mzt4ZV8C0f52pIz1NSwd","https://api.spotify.com/v1/tracks/31mzt4ZV8C0f52pIz1NSwd","https://api.spotify.com/v1/audio-analysis/31mzt4ZV8C0f52pIz1NSwd",135529,4,"Shut up My Moms Calling - (Sped Up)"
"3",0.392,0.629,5,-7.056,1,0.0335,0.718,3.76e-06,0.129,0.72,124.511,"audio_features","2Gy7qnDwt8Z3MNxqat4CsK","spotify:track:2Gy7qnDwt8Z3MNxqat4CsK","https://api.spotify.com/v1/tracks/2Gy7qnDwt8Z3MNxqat4CsK","https://api.spotify.com/v1/audio-analysis/2Gy7qnDwt8Z3MNxqat4CsK",153205,4,"Wouldn't It Be Nice - Remastered 2000 / Stereo Mix"
"4",0.704,0.87,8,0.844,1,0.218,0.795,2.45e-06,0.0558,0.932,88.019,"audio_features","1ye9IP87nKYZ5YAGaEv9A1","spotify:track:1ye9IP87nKYZ5YAGaEv9A1","https://api.spotify.com/v1/tracks/1ye9IP87nKYZ5YAGaEv9A1","https://api.spotify.com/v1/audio-analysis/1ye9IP87nKYZ5YAGaEv9A1",143053,4,"Little Bitty Pretty One"
"5",0.515,0.408,8,-11.96,1,0.194,0.452,0,0.0682,0.915,185.767,"audio_features","4tmy6FB76bR5eLmx0zO1mn","spotify:track:4tmy6FB76bR5eLmx0zO1mn","https://api.spotify.com/v1/tracks/4tmy6FB76bR5eLmx0zO1mn","https://api.spotify.com/v1/audio-analysis/4tmy6FB76bR5eLmx0zO1mn",141667,4,"Pennies From Heaven"
"6",0.55,0.854,3,-5.968,1,0.036,0.661,0,0.112,0.965,159.231,"audio_features","0wz1LjDb9ZNEYwOmDJ3Q4b","spotify:track:0wz1LjDb9ZNEYwOmDJ3Q4b","https://api.spotify.com/v1/tracks/0wz1LjDb9ZNEYwOmDJ3Q4b","https://api.spotify.com/v1/audio-analysis/0wz1LjDb9ZNEYwOmDJ3Q4b",149373,4,"Surfin' U.S.A. - Remastered 2001"
"7",0.609,0.573,9,-8.514,1,0.0955,0.21,0,0.218,0.483,153.995,"audio_features","4FjYDIaDlu3xf8JQrfgTBW","spotify:track:4FjYDIaDlu3xf8JQrfgTBW","https://api.spotify.com/v1/tracks/4FjYDIaDlu3xf8JQrfgTBW","https://api.spotify.com/v1/audio-analysis/4FjYDIaDlu3xf8JQrfgTBW",222681,4,"Ya Me Entere - En Vivo"
"8",0.571,0.567,8,-6.873,1,0.0994,0.431,0,0.129,0.967,165.332,"audio_features","1RGlfmdvcfatN0ZLOmzanS","spotify:track:1RGlfmdvcfatN0ZLOmzanS","https://api.spotify.com/v1/tracks/1RGlfmdvcfatN0ZLOmzanS","https://api.spotify.com/v1/audio-analysis/1RGlfmdvcfatN0ZLOmzanS",196500,3,"El Hijo Mayor"
"9",0.646,0.571,6,-3.956,1,0.0277,0.78,0,0.0666,0.829,102.232,"audio_features","467uh81a8AkjzFd77ly5M0","spotify:track:467uh81a8AkjzFd77ly5M0","https://api.spotify.com/v1/tracks/467uh81a8AkjzFd77ly5M0","https://api.spotify.com/v1/audio-analysis/467uh81a8AkjzFd77ly5M0",158000,1,"Efecto Al Corazon"
"10",0.773,0.47,2,-7.93,1,0.0299,0.0153,0.000193,0.0851,0.399,94.995,"audio_features","07MDkzWARZaLEdKxo6yArG","spotify:track:07MDkzWARZaLEdKxo6yArG","https://api.spotify.com/v1/tracks/07MDkzWARZaLEdKxo6yArG","https://api.spotify.com/v1/audio-analysis/07MDkzWARZaLEdKxo6yArG",162680,4,"Meet Me At Our Spot"
"11",0.845,0.576,4,-5.558,1,0.0347,0.167,0,0.0609,0.939,95.086,"audio_features","4U2uNBV34fNAKHZx3xwdVK","spotify:track:4U2uNBV34fNAKHZx3xwdVK","https://api.spotify.com/v1/tracks/4U2uNBV34fNAKHZx3xwdVK","https://api.spotify.com/v1/audio-analysis/4U2uNBV34fNAKHZx3xwdVK",277159,4,"Rosas"
"12",0.595,0.728,10,-6.677,0,0.0471,0.345,1.14e-05,0.109,0.714,126.919,"audio_features","7qWvY6pXosRyh86pGKhXr5","spotify:track:7qWvY6pXosRyh86pGKhXr5","https://api.spotify.com/v1/tracks/7qWvY6pXosRyh86pGKhXr5","https://api.spotify.com/v1/audio-analysis/7qWvY6pXosRyh86pGKhXr5",200450,4,"No Eres La Oficial"
"13",0.689,0.203,0,-14.459,1,0.0417,0.992,0.5,0.0873,0.373,93.151,"audio_features","3W5h65cRwTaZ1FCvEw6Ltx","spotify:track:3W5h65cRwTaZ1FCvEw6Ltx","https://api.spotify.com/v1/tracks/3W5h65cRwTaZ1FCvEw6Ltx","https://api.spotify.com/v1/audio-analysis/3W5h65cRwTaZ1FCvEw6Ltx",137497,4,"Amor Viejo"
"14",0.804,0.674,5,-5.453,0,0.0333,0.294,1.18e-06,0.115,0.292,99.968,"audio_features","6Xom58OOXk2SoU711L2IXO","spotify:track:6Xom58OOXk2SoU711L2IXO","https://api.spotify.com/v1/tracks/6Xom58OOXk2SoU711L2IXO","https://api.spotify.com/v1/audio-analysis/6Xom58OOXk2SoU711L2IXO",245940,4,"Moscow Mule"
"15",0.787,0.546,0,-7.094,0,0.0532,0.305,4.55e-05,0.122,0.222,93.05,"audio_features","5CzixCxDkRXX9mScCmah8O","spotify:track:5CzixCxDkRXX9mScCmah8O","https://api.spotify.com/v1/tracks/5CzixCxDkRXX9mScCmah8O","https://api.spotify.com/v1/audio-analysis/5CzixCxDkRXX9mScCmah8O",176936,4,"Un Ratito"
"16",0.713,0.703,8,-5.769,1,0.194,0.298,0,0.321,0.576,123.06,"audio_features","5MxFWjuqQIsbNWbMdMdbli","spotify:track:5MxFWjuqQIsbNWbMdMdbli","https://api.spotify.com/v1/tracks/5MxFWjuqQIsbNWbMdMdbli","https://api.spotify.com/v1/audio-analysis/5MxFWjuqQIsbNWbMdMdbli",255693,4,"La Jumpa"
"17",0.636,0.874,1,-3.687,1,0.269,0.179,0,0.661,0.7,169.986,"audio_features","76Oz7riVeTOze5U1ceIt41","spotify:track:76Oz7riVeTOze5U1ceIt41","https://api.spotify.com/v1/tracks/76Oz7riVeTOze5U1ceIt41","https://api.spotify.com/v1/audio-analysis/76Oz7riVeTOze5U1ceIt41",207063,4,"CORAZÓN DESPEINADO"
"18",0.804,0.874,7,-5.155,1,0.0366,0.212,0,0.0777,0.838,114.504,"audio_features","7xVJ2ccRAQpUWL6fHPslqL","spotify:track:7xVJ2ccRAQpUWL6fHPslqL","https://api.spotify.com/v1/tracks/7xVJ2ccRAQpUWL6fHPslqL","https://api.spotify.com/v1/audio-analysis/7xVJ2ccRAQpUWL6fHPslqL",146500,4,"Playas"
"19",0.564,0.903,5,-3.221,1,0.307,0.356,0,0.175,0.607,78.293,"audio_features","1dm6z1fWB0cErMszU25dy2","spotify:track:1dm6z1fWB0cErMszU25dy2","https://api.spotify.com/v1/tracks/1dm6z1fWB0cErMszU25dy2","https://api.spotify.com/v1/audio-analysis/1dm6z1fWB0cErMszU25dy2",230400,4,"Después de la Playa"
"20",0.602,0.781,2,-6.848,0,0.099,0.575,0,0.261,0.757,95.719,"audio_features","3u0dZQRoJhA80bYA1RS326","spotify:track:3u0dZQRoJhA80bYA1RS326","https://api.spotify.com/v1/tracks/3u0dZQRoJhA80bYA1RS326","https://api.spotify.com/v1/audio-analysis/3u0dZQRoJhA80bYA1RS326",191650,4,"Me Porto Bonito"
"21",0.853,0.818,11,-3.6,1,0.0922,0.186,0.000255,0.18,0.546,149.839,"audio_features","0bCPJsVGDxPYwQMDZMi4NW","spotify:track:0bCPJsVGDxPYwQMDZMi4NW","https://api.spotify.com/v1/tracks/0bCPJsVGDxPYwQMDZMi4NW","https://api.spotify.com/v1/audio-analysis/0bCPJsVGDxPYwQMDZMi4NW",225694,4,"Estamos Arriba"
"22",0.808,0.559,1,-6.936,1,0.452,0.133,6.57e-06,0.0966,0.48,169.103,"audio_features","4Ixc50wY5pbUvNEogTQ2wL","spotify:track:4Ixc50wY5pbUvNEogTQ2wL","https://api.spotify.com/v1/tracks/4Ixc50wY5pbUvNEogTQ2wL","https://api.spotify.com/v1/audio-analysis/4Ixc50wY5pbUvNEogTQ2wL",237459,4,"100 MILLONES"
"23",0.592,0.494,4,-10.618,0,0.0747,0.237,0,0.13,0.231,132.037,"audio_features","267NGliXM8YLVZiKAD9Otm","spotify:track:267NGliXM8YLVZiKAD9Otm","https://api.spotify.com/v1/tracks/267NGliXM8YLVZiKAD9Otm","https://api.spotify.com/v1/audio-analysis/267NGliXM8YLVZiKAD9Otm",209771,4,"De Museo"
"24",0.759,0.536,9,-6.663,0,0.173,0.821,4.57e-06,0.107,0.439,119.883,"audio_features","2OWVCFTolecLiGZPquvWvT","spotify:track:2OWVCFTolecLiGZPquvWvT","https://api.spotify.com/v1/tracks/2OWVCFTolecLiGZPquvWvT","https://api.spotify.com/v1/audio-analysis/2OWVCFTolecLiGZPquvWvT",208080,4,"Estamos Bien"
"25",0.816,0.538,6,-6.354,0,0.0617,0.0142,0.000496,0.099,0.156,97.054,"audio_features","3gE4eQH3K83Sght0ZLvuBK","spotify:track:3gE4eQH3K83Sght0ZLvuBK","https://api.spotify.com/v1/tracks/3gE4eQH3K83Sght0ZLvuBK","https://api.spotify.com/v1/audio-analysis/3gE4eQH3K83Sght0ZLvuBK",210368,4,"MIA"
"26",0.59,0.729,7,-4.95,0,0.0893,0.321,0,0.659,0.712,93.094,"audio_features","5bmSver2b3ZXyuyLKtgnFI","spotify:track:5bmSver2b3ZXyuyLKtgnFI","https://api.spotify.com/v1/tracks/5bmSver2b3ZXyuyLKtgnFI","https://api.spotify.com/v1/audio-analysis/5bmSver2b3ZXyuyLKtgnFI",202240,4,"BAD CON NICKY"
"27",0.716,0.448,10,-10.384,1,0.0651,0.65,0,0.0627,0.766,80.674,"audio_features","3m2S4eEc19o5krIEplPq2c","spotify:track:3m2S4eEc19o5krIEplPq2c","https://api.spotify.com/v1/tracks/3m2S4eEc19o5krIEplPq2c","https://api.spotify.com/v1/audio-analysis/3m2S4eEc19o5krIEplPq2c",167371,3,"Pideme la Luna"
"28",0.594,0.527,0,-9.335,1,0.0335,0.121,0,0.234,0.692,172.712,"audio_features","5JhUm1v5AbI5Yu6jLKCPRO","spotify:track:5JhUm1v5AbI5Yu6jLKCPRO","https://api.spotify.com/v1/tracks/5JhUm1v5AbI5Yu6jLKCPRO","https://api.spotify.com/v1/audio-analysis/5JhUm1v5AbI5Yu6jLKCPRO",194019,4,"No Se Va - En Vivo"
"29",0.702,0.586,8,-5.317,1,0.118,0.55,0,0.27,0.965,112.852,"audio_features","5kpxVMDvYGRmNqawPqDTYR","spotify:track:5kpxVMDvYGRmNqawPqDTYR","https://api.spotify.com/v1/tracks/5kpxVMDvYGRmNqawPqDTYR","https://api.spotify.com/v1/audio-analysis/5kpxVMDvYGRmNqawPqDTYR",158093,4,"JGL"
"30",0.535,0.384,9,-10.049,0,0.362,0.89,0,0.0964,0.767,145.947,"audio_features","3vgiIJW3iSQRRvgYiW86i9","spotify:track:3vgiIJW3iSQRRvgYiW86i9","https://api.spotify.com/v1/tracks/3vgiIJW3iSQRRvgYiW86i9","https://api.spotify.com/v1/audio-analysis/3vgiIJW3iSQRRvgYiW86i9",159573,4,"Brillo"
"31",0.659,0.433,11,-11.015,0,0.0362,0.117,0.000427,0.0829,0.455,125.556,"audio_features","7A07Yu1dRND3RKDzbhKrDs","spotify:track:7A07Yu1dRND3RKDzbhKrDs","https://api.spotify.com/v1/tracks/7A07Yu1dRND3RKDzbhKrDs","https://api.spotify.com/v1/audio-analysis/7A07Yu1dRND3RKDzbhKrDs",267333,4,"Fuerte No Soy"
"32",0.648,0.405,3,-7.112,1,0.0337,0.736,0,0.0805,0.778,150.063,"audio_features","5K5pv59KSkGrMZSeMG82AM","spotify:track:5K5pv59KSkGrMZSeMG82AM","https://api.spotify.com/v1/tracks/5K5pv59KSkGrMZSeMG82AM","https://api.spotify.com/v1/audio-analysis/5K5pv59KSkGrMZSeMG82AM",212680,4,"Tus Lágrimas"
"33",0.655,0.579,1,-9.298,1,0.105,0.371,0,0.167,0.674,157.976,"audio_features","6d1tiItSWw2y4UudEoeT9k","spotify:track:6d1tiItSWw2y4UudEoeT9k","https://api.spotify.com/v1/tracks/6d1tiItSWw2y4UudEoeT9k","https://api.spotify.com/v1/audio-analysis/6d1tiItSWw2y4UudEoeT9k",192760,3,"Puño De Diamantes"
"34",0.632,0.479,8,-5.577,1,0.0283,0.74,0,0.105,0.498,114.04,"audio_features","6Z7f0BXDLI8k4CHR9KJdAD","spotify:track:6Z7f0BXDLI8k4CHR9KJdAD","https://api.spotify.com/v1/tracks/6Z7f0BXDLI8k4CHR9KJdAD","https://api.spotify.com/v1/audio-analysis/6Z7f0BXDLI8k4CHR9KJdAD",187640,4,"Mi Segunda Vida"
"35",0.671,0.831,9,-4.512,1,0.0458,0.0822,0.000645,0.329,0.785,109.425,"audio_features","2UxJGoX9zU2tLhegM57tHI","spotify:track:2UxJGoX9zU2tLhegM57tHI","https://api.spotify.com/v1/tracks/2UxJGoX9zU2tLhegM57tHI","https://api.spotify.com/v1/audio-analysis/2UxJGoX9zU2tLhegM57tHI",213573,4,"Rinconcito En El Cielo"
"36",0.686,0.396,10,-7.944,1,0.0369,0.515,1.27e-05,0.156,0.975,123.098,"audio_features","2ceGP1g5txWAYAnJ3P7Xa5","spotify:track:2ceGP1g5txWAYAnJ3P7Xa5","https://api.spotify.com/v1/tracks/2ceGP1g5txWAYAnJ3P7Xa5","https://api.spotify.com/v1/audio-analysis/2ceGP1g5txWAYAnJ3P7Xa5",215203,4,"Una Aventura"
"37",0.871,0.553,3,-10.385,1,0.0598,0.118,5.06e-05,0.0404,0.963,112.313,"audio_features","75vBz6v4IrakqmnqNTdnE0","spotify:track:75vBz6v4IrakqmnqNTdnE0","https://api.spotify.com/v1/tracks/75vBz6v4IrakqmnqNTdnE0","https://api.spotify.com/v1/audio-analysis/75vBz6v4IrakqmnqNTdnE0",182787,4,"Eslabón Por Eslabón"
"38",0.678,0.185,9,-15.5,0,0.0526,0.871,0.419,0.0848,0.833,173.38,"audio_features","3FkVK1VkApEOd8vZXfnzng","spotify:track:3FkVK1VkApEOd8vZXfnzng","https://api.spotify.com/v1/tracks/3FkVK1VkApEOd8vZXfnzng","https://api.spotify.com/v1/audio-analysis/3FkVK1VkApEOd8vZXfnzng",151625,4,"Wapa wapa wapa wapa wapa wapa"
"39",0.545,0.478,8,-7.035,0,0.0559,0.785,0.00278,0.123,0.318,173.746,"audio_features","2reL9PAUza4PUtbjqW1fRf","spotify:track:2reL9PAUza4PUtbjqW1fRf","https://api.spotify.com/v1/tracks/2reL9PAUza4PUtbjqW1fRf","https://api.spotify.com/v1/audio-analysis/2reL9PAUza4PUtbjqW1fRf",143976,4,"Dolerme"
"40",0.773,0.794,5,-4.954,0,0.0326,0.527,0.000354,0.113,0.907,101.143,"audio_features","0Pjsm4AaJGPOXHoB6xCgJB","spotify:track:0Pjsm4AaJGPOXHoB6xCgJB","https://api.spotify.com/v1/tracks/0Pjsm4AaJGPOXHoB6xCgJB","https://api.spotify.com/v1/audio-analysis/0Pjsm4AaJGPOXHoB6xCgJB",264600,4,"Mariposa Traicionera"
"41",0.699,0.654,11,-6.264,1,0.0383,0.054,7.08e-06,0.095,0.319,100.037,"audio_features","3HgvO4B5LLmdPOT2d8cSZd","spotify:track:3HgvO4B5LLmdPOT2d8cSZd","https://api.spotify.com/v1/tracks/3HgvO4B5LLmdPOT2d8cSZd","https://api.spotify.com/v1/audio-analysis/3HgvO4B5LLmdPOT2d8cSZd",192313,4,"Mónaco"
"42",0.825,0.605,11,-9.71,1,0.0376,0.0764,0,0.314,0.944,124.005,"audio_features","2Bhmj4XK33InfhqKPxcJ1v","spotify:track:2Bhmj4XK33InfhqKPxcJ1v","https://api.spotify.com/v1/tracks/2Bhmj4XK33InfhqKPxcJ1v","https://api.spotify.com/v1/audio-analysis/2Bhmj4XK33InfhqKPxcJ1v",229360,4,"Dile al Amor"
"43",0.656,0.551,10,-7.051,0,0.334,0.24,0,0.0783,0.553,89.988,"audio_features","2HnkiEisMQbBHEbsIZJCfz","spotify:track:2HnkiEisMQbBHEbsIZJCfz","https://api.spotify.com/v1/tracks/2HnkiEisMQbBHEbsIZJCfz","https://api.spotify.com/v1/audio-analysis/2HnkiEisMQbBHEbsIZJCfz",320686,4,"Afilando Los Cuchillos"
"44",0.817,0.714,4,-7.501,0,0.141,0.184,0.000132,0.042,0.714,94.001,"audio_features","69Ej1xrGjOcHvIMtMKxK0G","spotify:track:69Ej1xrGjOcHvIMtMKxK0G","https://api.spotify.com/v1/tracks/69Ej1xrGjOcHvIMtMKxK0G","https://api.spotify.com/v1/audio-analysis/69Ej1xrGjOcHvIMtMKxK0G",204600,4,"Dile"
"45",0.651,0.327,4,-10.07,1,0.402,0.928,0,0.225,0.551,135.325,"audio_features","2N3YZ075lq9z1ObaAiX6l1","spotify:track:2N3YZ075lq9z1ObaAiX6l1","https://api.spotify.com/v1/tracks/2N3YZ075lq9z1ObaAiX6l1","https://api.spotify.com/v1/audio-analysis/2N3YZ075lq9z1ObaAiX6l1",89749,4,"LAX"
"46",0.67,0.821,9,-5.868,0,0.0334,0.251,0,0.199,0.384,94.983,"audio_features","1OYZbxODr6TMlaT2PRi6Wi","spotify:track:1OYZbxODr6TMlaT2PRi6Wi","https://api.spotify.com/v1/tracks/1OYZbxODr6TMlaT2PRi6Wi","https://api.spotify.com/v1/audio-analysis/1OYZbxODr6TMlaT2PRi6Wi",242390,4,"Perdóname"
"47",0.697,0.336,9,-10.395,1,0.0424,0.598,0.00528,0.107,0.31,82.029,"audio_features","2TktkzfozZifbQhXjT6I33","spotify:track:2TktkzfozZifbQhXjT6I33","https://api.spotify.com/v1/tracks/2TktkzfozZifbQhXjT6I33","https://api.spotify.com/v1/audio-analysis/2TktkzfozZifbQhXjT6I33",216680,3,"Evergreen (You Didn’t Deserve Me At All)"
"48",0.956,0.72,10,-2.73,0,0.173,0.00192,0,0.117,0.282,127.943,"audio_features","4xYKCxgogB1y10Y075sCx3","spotify:track:4xYKCxgogB1y10Y075sCx3","https://api.spotify.com/v1/tracks/4xYKCxgogB1y10Y075sCx3","https://api.spotify.com/v1/audio-analysis/4xYKCxgogB1y10Y075sCx3",173500,4,"Whole Lotta Choppas (Remix) [feat. Nicki Minaj]"
"49",0.586,0.525,1,-7.163,0,0.0615,0.111,0,0.134,0.508,133.629,"audio_features","2LBqCSwhJGcFQeTHMVGwy3","spotify:track:2LBqCSwhJGcFQeTHMVGwy3","https://api.spotify.com/v1/tracks/2LBqCSwhJGcFQeTHMVGwy3","https://api.spotify.com/v1/audio-analysis/2LBqCSwhJGcFQeTHMVGwy3",260253,4,"Die For You"
"50",0.676,0.609,2,-5.831,0,0.481,0.0706,0,0.152,0.508,142.037,"audio_features","5yY9lUy8nbvjM1Uyo1Uqoc","spotify:track:5yY9lUy8nbvjM1Uyo1Uqoc","https://api.spotify.com/v1/tracks/5yY9lUy8nbvjM1Uyo1Uqoc","https://api.spotify.com/v1/audio-analysis/5yY9lUy8nbvjM1Uyo1Uqoc",237735,4,"Life Is Good (feat. Drake)"
"51",0.479,0.549,11,-10.551,0,0.373,0.57,0.0235,0.127,0.576,180.985,"audio_features","119c93MHjrDLJTApCVGpvx","spotify:track:119c93MHjrDLJTApCVGpvx","https://api.spotify.com/v1/tracks/119c93MHjrDLJTApCVGpvx","https://api.spotify.com/v1/audio-analysis/119c93MHjrDLJTApCVGpvx",252187,4,"C.R.E.A.M. (Cash Rules Everything Around Me) (feat. Method Man, Raekwon, Inspectah Deck & Buddha Monk)"
"52",0.638,0.656,5,-5.886,1,0.0357,0.188,0,0.146,0.225,104.036,"audio_features","7wZUrN8oemZfsEd1CGkbXE","spotify:track:7wZUrN8oemZfsEd1CGkbXE","https://api.spotify.com/v1/tracks/7wZUrN8oemZfsEd1CGkbXE","https://api.spotify.com/v1/audio-analysis/7wZUrN8oemZfsEd1CGkbXE",262467,4,"Bleeding Love"
"53",0.978,0.477,8,-8.159,1,0.155,0.000143,0,0.133,0.196,110.002,"audio_features","3AEgic4yp82NxMWUjHtxnO","spotify:track:3AEgic4yp82NxMWUjHtxnO","https://api.spotify.com/v1/tracks/3AEgic4yp82NxMWUjHtxnO","https://api.spotify.com/v1/audio-analysis/3AEgic4yp82NxMWUjHtxnO",109091,4,"Uno"
"54",0.692,0.624,10,-6.283,1,0.0296,0.0983,0.000144,0.124,0.894,118.94,"audio_features","6PyD9wjBeQB2pFZJl14KsM","spotify:track:6PyD9wjBeQB2pFZJl14KsM","https://api.spotify.com/v1/tracks/6PyD9wjBeQB2pFZJl14KsM","https://api.spotify.com/v1/audio-analysis/6PyD9wjBeQB2pFZJl14KsM",203440,4,"Te Quiero Mucho"
"55",0.736,0.593,7,-9.364,1,0.184,0.117,2.5e-06,0.189,0.785,114.196,"audio_features","0vNtFN67TIMgDokyyuUUwA","spotify:track:0vNtFN67TIMgDokyyuUUwA","https://api.spotify.com/v1/tracks/0vNtFN67TIMgDokyyuUUwA","https://api.spotify.com/v1/audio-analysis/0vNtFN67TIMgDokyyuUUwA",183595,1,"El Ruddy"
"56",0.836,0.581,4,-7.525,0,0.0557,0.463,0.000463,0.122,0.613,109.48,"audio_features","2L4gbQNTxISQndSblNUwJJ","spotify:track:2L4gbQNTxISQndSblNUwJJ","https://api.spotify.com/v1/tracks/2L4gbQNTxISQndSblNUwJJ","https://api.spotify.com/v1/audio-analysis/2L4gbQNTxISQndSblNUwJJ",225767,4,"Ahora Todo Es Diferente"
"57",0.517,0.554,6,-7.417,0,0.0483,0.266,0,0.091,0.966,163.746,"audio_features","78nK6LUy3FutFRJpRU9Guy","spotify:track:78nK6LUy3FutFRJpRU9Guy","https://api.spotify.com/v1/tracks/78nK6LUy3FutFRJpRU9Guy","https://api.spotify.com/v1/audio-analysis/78nK6LUy3FutFRJpRU9Guy",215125,3,"En El Radio Un Cochinero (Remix)"
"58",0.855,0.59,9,-8.55,1,0.0751,0.28,0.0982,0.149,0.283,110.016,"audio_features","3K56RPWS4q200IwHiIZcUD","spotify:track:3K56RPWS4q200IwHiIZcUD","https://api.spotify.com/v1/tracks/3K56RPWS4q200IwHiIZcUD","https://api.spotify.com/v1/audio-analysis/3K56RPWS4q200IwHiIZcUD",137184,4,"Andamos Mejor"
"59",0.506,0.936,9,-0.172,1,0.0463,0.158,2.91e-05,0.194,0.458,148.071,"audio_features","35COOJVYzJ7fVz7EXaMKSv","spotify:track:35COOJVYzJ7fVz7EXaMKSv","https://api.spotify.com/v1/tracks/35COOJVYzJ7fVz7EXaMKSv","https://api.spotify.com/v1/audio-analysis/35COOJVYzJ7fVz7EXaMKSv",267651,4,"Zapateado Encabronado #3"
"60",0.641,0.867,10,-1.511,1,0.0521,0.16,2.12e-06,0.282,0.795,159.555,"audio_features","22ZYK1QRUeCy7faZ8FzRHR","spotify:track:22ZYK1QRUeCy7faZ8FzRHR","https://api.spotify.com/v1/tracks/22ZYK1QRUeCy7faZ8FzRHR","https://api.spotify.com/v1/audio-analysis/22ZYK1QRUeCy7faZ8FzRHR",151400,4,"Dame Tu Amor"
"61",0.645,0.884,10,-3.132,1,0.0362,0.362,0,0.104,0.899,158.613,"audio_features","6eTtcFz5p7a2nPwsDCTG0A","spotify:track:6eTtcFz5p7a2nPwsDCTG0A","https://api.spotify.com/v1/tracks/6eTtcFz5p7a2nPwsDCTG0A","https://api.spotify.com/v1/audio-analysis/6eTtcFz5p7a2nPwsDCTG0A",177040,4,"Por Amarte Así"
"62",0.493,0.938,7,-3.807,1,0.078,0.106,1.07e-05,0.408,0.694,78.708,"audio_features","74asr255RQX7n8BPa5FdzA","spotify:track:74asr255RQX7n8BPa5FdzA","https://api.spotify.com/v1/tracks/74asr255RQX7n8BPa5FdzA","https://api.spotify.com/v1/audio-analysis/74asr255RQX7n8BPa5FdzA",189107,4,"Zapateado Encabronado - Medley"
"63",0.615,0.714,2,-2.972,0,0.0354,0.608,1.09e-05,0.139,0.829,157.474,"audio_features","1jBYN6IEVkExTE3R4O9trC","spotify:track:1jBYN6IEVkExTE3R4O9trC","https://api.spotify.com/v1/tracks/1jBYN6IEVkExTE3R4O9trC","https://api.spotify.com/v1/audio-analysis/1jBYN6IEVkExTE3R4O9trC",199653,4,"Por Tu Amor - Duranguense"
"64",0.822,0.529,5,-6.197,1,0.0388,0.301,0,0.0906,0.975,122.139,"audio_features","33Z5OxL78B6gGbq1GWIfb5","spotify:track:33Z5OxL78B6gGbq1GWIfb5","https://api.spotify.com/v1/tracks/33Z5OxL78B6gGbq1GWIfb5","https://api.spotify.com/v1/audio-analysis/33Z5OxL78B6gGbq1GWIfb5",171360,4,"Lágrimas De Cristal"
"65",0.774,0.331,6,-9.534,1,0.0422,0.964,4.61e-05,0.607,0.599,122.949,"audio_features","7qHPpmIEa0YRnMf1d0XoWj","spotify:track:7qHPpmIEa0YRnMf1d0XoWj","https://api.spotify.com/v1/tracks/7qHPpmIEa0YRnMf1d0XoWj","https://api.spotify.com/v1/audio-analysis/7qHPpmIEa0YRnMf1d0XoWj",107154,4,"QUE DIABLOS HICE (INTERLUDE)"
"66",0.797,0.5,1,-8.939,0,0.0383,0.528,1.55e-06,0.149,0.832,114.054,"audio_features","3vuSsB9MXGKftwFcdPXa5b","spotify:track:3vuSsB9MXGKftwFcdPXa5b","https://api.spotify.com/v1/tracks/3vuSsB9MXGKftwFcdPXa5b","https://api.spotify.com/v1/audio-analysis/3vuSsB9MXGKftwFcdPXa5b",176917,4,"300 Locos"
"67",0.474,0.801,8,-5.978,0,0.375,0.102,0,0.322,0.497,147.356,"audio_features","4huBDGP4I3S0pYI0EaRN1c","spotify:track:4huBDGP4I3S0pYI0EaRN1c","https://api.spotify.com/v1/tracks/4huBDGP4I3S0pYI0EaRN1c","https://api.spotify.com/v1/audio-analysis/4huBDGP4I3S0pYI0EaRN1c",256000,4,"City of Gods"
"68",0.735,0.502,10,-8.154,1,0.0344,0.48,0,0.199,0.947,114.95,"audio_features","31REg67eoHJSvMLUcEmGNj","spotify:track:31REg67eoHJSvMLUcEmGNj","https://api.spotify.com/v1/tracks/31REg67eoHJSvMLUcEmGNj","https://api.spotify.com/v1/audio-analysis/31REg67eoHJSvMLUcEmGNj",195307,4,"El Final De Nuestra Historia"
"69",0.805,0.716,0,-4.498,1,0.039,0.527,0,0.247,0.905,124.832,"audio_features","17IiqbqbVVWMlq6j7xrQaD","spotify:track:17IiqbqbVVWMlq6j7xrQaD","https://api.spotify.com/v1/tracks/17IiqbqbVVWMlq6j7xrQaD","https://api.spotify.com/v1/audio-analysis/17IiqbqbVVWMlq6j7xrQaD",204453,3,"La Buena y la Mala"
"70",0.718,0.621,7,-11.575,1,0.0399,0.0264,0.000438,0.299,0.747,117.848,"audio_features","43LVcSyviitiS5Kv0vzZDD","spotify:track:43LVcSyviitiS5Kv0vzZDD","https://api.spotify.com/v1/tracks/43LVcSyviitiS5Kv0vzZDD","https://api.spotify.com/v1/audio-analysis/43LVcSyviitiS5Kv0vzZDD",273667,4,"La Yaquesita"
"71",0.674,0.608,8,-6.628,0,0.0334,0.0119,0,0.103,0.464,124.952,"audio_features","7tGlzXJv6GD5e5qlu5YmDg","spotify:track:7tGlzXJv6GD5e5qlu5YmDg","https://api.spotify.com/v1/tracks/7tGlzXJv6GD5e5qlu5YmDg","https://api.spotify.com/v1/audio-analysis/7tGlzXJv6GD5e5qlu5YmDg",253440,4,"Love Me"
"72",0.774,0.851,11,-2.795,0,0.255,0.0651,0,0.0568,0.695,180.086,"audio_features","1kMUGCt7XLDc5Q64Vl0H8S","spotify:track:1kMUGCt7XLDc5Q64Vl0H8S","https://api.spotify.com/v1/tracks/1kMUGCt7XLDc5Q64Vl0H8S","https://api.spotify.com/v1/audio-analysis/1kMUGCt7XLDc5Q64Vl0H8S",257865,4,"Bellacoso"
"73",0.744,0.868,1,-4.524,1,0.047,0.0326,0,0.0822,0.586,93.037,"audio_features","69vlMrzHwATKzupwNcUPyK","spotify:track:69vlMrzHwATKzupwNcUPyK","https://api.spotify.com/v1/tracks/69vlMrzHwATKzupwNcUPyK","https://api.spotify.com/v1/audio-analysis/69vlMrzHwATKzupwNcUPyK",206420,4,"La Santa"
"74",0.801,0.699,11,-8.18,0,0.279,0.00575,0,0.146,0.655,94.605,"audio_features","4YtoipFgf4k0AfD17ZfD5X","spotify:track:4YtoipFgf4k0AfD17ZfD5X","https://api.spotify.com/v1/tracks/4YtoipFgf4k0AfD17ZfD5X","https://api.spotify.com/v1/audio-analysis/4YtoipFgf4k0AfD17ZfD5X",238467,4,"Nuthin' But A ""G"" Thang"
"75",0.39,0.499,7,-7.778,1,0.0381,0.632,0.000497,0.115,0.34,200.156,"audio_features","3NqBxTOMCJ3zW9CIP51td4","spotify:track:3NqBxTOMCJ3zW9CIP51td4","https://api.spotify.com/v1/tracks/3NqBxTOMCJ3zW9CIP51td4","https://api.spotify.com/v1/audio-analysis/3NqBxTOMCJ3zW9CIP51td4",275194,1,"Jugaste y Sufrí"
"76",0.784,0.794,0,-4.404,1,0.0434,0.474,6.28e-06,0.35,0.845,119.708,"audio_features","5bP1RCdGcUxkwASwKAbPHa","spotify:track:5bP1RCdGcUxkwASwKAbPHa","https://api.spotify.com/v1/tracks/5bP1RCdGcUxkwASwKAbPHa","https://api.spotify.com/v1/audio-analysis/5bP1RCdGcUxkwASwKAbPHa",185296,4,"No Paras de Hacerme Feliz"
"77",0.745,0.972,7,-3.506,1,0.0774,0.00903,0.465,0.297,0.556,128.031,"audio_features","4Clmg1g8n2yBYG13Z1oSdG","spotify:track:4Clmg1g8n2yBYG13Z1oSdG","https://api.spotify.com/v1/tracks/4Clmg1g8n2yBYG13Z1oSdG","https://api.spotify.com/v1/audio-analysis/4Clmg1g8n2yBYG13Z1oSdG",189818,4,"Baila Conmigo (feat. Kelly Ruiz)"
"78",0.631,0.665,10,-7.589,0,0.229,0.602,1.7e-06,0.152,0.634,80.353,"audio_features","4MZSqgwlE71CWZ6qQ3gkKm","spotify:track:4MZSqgwlE71CWZ6qQ3gkKm","https://api.spotify.com/v1/tracks/4MZSqgwlE71CWZ6qQ3gkKm","https://api.spotify.com/v1/audio-analysis/4MZSqgwlE71CWZ6qQ3gkKm",157967,4,"<3"
"79",0.434,0.207,2,-11.805,0,0.035,0.877,8.01e-05,0.118,0.435,181.204,"audio_features","2BaBwcllqDMkoD9184xOxP","spotify:track:2BaBwcllqDMkoD9184xOxP","https://api.spotify.com/v1/tracks/2BaBwcllqDMkoD9184xOxP","https://api.spotify.com/v1/audio-analysis/2BaBwcllqDMkoD9184xOxP",150413,3,"Recuerda"
"80",0.644,0.648,1,-4.601,1,0.118,0.276,0,0.135,0.44,179.951,"audio_features","2JPLbjOn0wPCngEot2STUS","spotify:track:2JPLbjOn0wPCngEot2STUS","https://api.spotify.com/v1/tracks/2JPLbjOn0wPCngEot2STUS","https://api.spotify.com/v1/audio-analysis/2JPLbjOn0wPCngEot2STUS",206710,4,"Yonaguni"
"81",0.762,0.861,4,-4.075,0,0.0652,0.139,1.08e-06,0.0956,0.588,133.037,"audio_features","0Lsis3LB0XAK6XlTHXaJk2","spotify:track:0Lsis3LB0XAK6XlTHXaJk2","https://api.spotify.com/v1/tracks/0Lsis3LB0XAK6XlTHXaJk2","https://api.spotify.com/v1/audio-analysis/0Lsis3LB0XAK6XlTHXaJk2",213609,4,"MALDITA POBREZA"
"82",0.823,0.66,7,-5.721,1,0.105,0.175,0,0.0641,0.557,97.524,"audio_features","4BRyqWvTTL74cJSpYKBZAz","spotify:track:4BRyqWvTTL74cJSpYKBZAz","https://api.spotify.com/v1/tracks/4BRyqWvTTL74cJSpYKBZAz","https://api.spotify.com/v1/audio-analysis/4BRyqWvTTL74cJSpYKBZAz",306539,3,"Sigan Atentos"
"83",0.526,0.803,0,-9.275,1,0.428,0.0297,0.000407,0.111,0.393,152.453,"audio_features","5lM1GJ8XjHOOsv7tEeEYkT","spotify:track:5lM1GJ8XjHOOsv7tEeEYkT","https://api.spotify.com/v1/tracks/5lM1GJ8XjHOOsv7tEeEYkT","https://api.spotify.com/v1/audio-analysis/5lM1GJ8XjHOOsv7tEeEYkT",223616,4,"Los Hermanos"
"84",0.587,0.411,8,-8.758,1,0.0475,0.185,0,0.273,0.53,140.277,"audio_features","4O2bxKTnK9En7OPw8kGDDF","spotify:track:4O2bxKTnK9En7OPw8kGDDF","https://api.spotify.com/v1/tracks/4O2bxKTnK9En7OPw8kGDDF","https://api.spotify.com/v1/audio-analysis/4O2bxKTnK9En7OPw8kGDDF",175125,4,"Amor Fugaz"
"85",0.651,0.834,10,-5.057,1,0.0929,0.359,0,0.0771,0.957,81.668,"audio_features","1KDAP13YogPGAxOZOwsNuU","spotify:track:1KDAP13YogPGAxOZOwsNuU","https://api.spotify.com/v1/tracks/1KDAP13YogPGAxOZOwsNuU","https://api.spotify.com/v1/audio-analysis/1KDAP13YogPGAxOZOwsNuU",199297,4,"Zutano"
"86",0.864,0.765,8,-3.604,1,0.11,0.432,0,0.386,0.724,104.998,"audio_features","2g12ZAzSIybDe6QC3w9DYl","spotify:track:2g12ZAzSIybDe6QC3w9DYl","https://api.spotify.com/v1/tracks/2g12ZAzSIybDe6QC3w9DYl","https://api.spotify.com/v1/audio-analysis/2g12ZAzSIybDe6QC3w9DYl",235328,3,"El Doctor"
"87",0.602,0.947,1,-5.642,1,0.115,0.00842,6.41e-05,0.123,0.883,184.976,"audio_features","6NG2IIXZfC5Notpz0GIODU","spotify:track:6NG2IIXZfC5Notpz0GIODU","https://api.spotify.com/v1/tracks/6NG2IIXZfC5Notpz0GIODU","https://api.spotify.com/v1/audio-analysis/6NG2IIXZfC5Notpz0GIODU",213000,4,"The Ketchup Song (Aserejé) - Spanish Version"
"88",0.584,0.905,10,-0.042,1,0.0467,0.653,0.00126,0.251,0.978,158.054,"audio_features","3f3GsiFkED0t15c3xi6pzv","spotify:track:3f3GsiFkED0t15c3xi6pzv","https://api.spotify.com/v1/tracks/3f3GsiFkED0t15c3xi6pzv","https://api.spotify.com/v1/audio-analysis/3f3GsiFkED0t15c3xi6pzv",152253,3,"Perro Bichi Y Mujeriego"
"89",0.724,0.531,5,-4.208,1,0.0373,0.832,0.00051,0.129,0.952,115.57,"audio_features","3w62pJUmyNmkBdosJoj6RN","spotify:track:3w62pJUmyNmkBdosJoj6RN","https://api.spotify.com/v1/tracks/3w62pJUmyNmkBdosJoj6RN","https://api.spotify.com/v1/audio-analysis/3w62pJUmyNmkBdosJoj6RN",169131,4,"Fruta Prohibida"
"90",0.573,0.496,1,-5.44,0,0.0322,0.571,0,0.176,0.299,79.947,"audio_features","2HFrlVZI1PHNwfNiIC8mkb","spotify:track:2HFrlVZI1PHNwfNiIC8mkb","https://api.spotify.com/v1/tracks/2HFrlVZI1PHNwfNiIC8mkb","https://api.spotify.com/v1/audio-analysis/2HFrlVZI1PHNwfNiIC8mkb",239841,3,"Está Dañada - Remix"
"91",0.828,0.581,11,-9.909,1,0.0725,0.0378,0,0.103,0.843,143.995,"audio_features","2CoMYp2uIKsT09nreEZnZn","spotify:track:2CoMYp2uIKsT09nreEZnZn","https://api.spotify.com/v1/tracks/2CoMYp2uIKsT09nreEZnZn","https://api.spotify.com/v1/audio-analysis/2CoMYp2uIKsT09nreEZnZn",155060,4,"BENDICIONES"
"92",0.781,0.452,8,-9.163,1,0.0366,0.423,0.000682,0.071,0.972,120.056,"audio_features","16240HVz8WRk5I0ddFDLFS","spotify:track:16240HVz8WRk5I0ddFDLFS","https://api.spotify.com/v1/tracks/16240HVz8WRk5I0ddFDLFS","https://api.spotify.com/v1/audio-analysis/16240HVz8WRk5I0ddFDLFS",183533,4,"Dos Hojas Sin Rumbo"
"93",0.676,0.618,6,-8.987,0,0.046,0.0361,0,0.199,0.899,173.955,"audio_features","2JJSGhPpATm8lXeYjD95fw","spotify:track:2JJSGhPpATm8lXeYjD95fw","https://api.spotify.com/v1/tracks/2JJSGhPpATm8lXeYjD95fw","https://api.spotify.com/v1/audio-analysis/2JJSGhPpATm8lXeYjD95fw",221227,4,"Desvelado"
"94",0.817,0.482,3,-5.085,1,0.0487,0.725,1.74e-05,0.0756,0.969,102.539,"audio_features","0rRxqhX6w0IWTFSzzRFSOo","spotify:track:0rRxqhX6w0IWTFSzzRFSOo","https://api.spotify.com/v1/tracks/0rRxqhX6w0IWTFSzzRFSOo","https://api.spotify.com/v1/audio-analysis/0rRxqhX6w0IWTFSzzRFSOo",183813,3,"A Mis Enemigos"
"95",0.642,0.501,5,-6.402,1,0.0291,0.679,0,0.0984,0.707,145.186,"audio_features","1kqSCTQ2KReQ2bzmEcFvnI","spotify:track:1kqSCTQ2KReQ2bzmEcFvnI","https://api.spotify.com/v1/tracks/1kqSCTQ2KReQ2bzmEcFvnI","https://api.spotify.com/v1/audio-analysis/1kqSCTQ2KReQ2bzmEcFvnI",254251,3,"Para Ti Papá"
"96",0.707,0.833,3,-2.498,1,0.0517,0.137,0,0.115,0.788,110.062,"audio_features","5BE9B2FiFWBbBdoIQ1m1UP","spotify:track:5BE9B2FiFWBbBdoIQ1m1UP","https://api.spotify.com/v1/tracks/5BE9B2FiFWBbBdoIQ1m1UP","https://api.spotify.com/v1/audio-analysis/5BE9B2FiFWBbBdoIQ1m1UP",197781,3,"Cada Quien"
"97",0.818,0.673,4,-7.542,0,0.148,0.348,0,0.172,0.695,87.961,"audio_features","5jzEwSyyymBlf1fa1o39T2","spotify:track:5jzEwSyyymBlf1fa1o39T2","https://api.spotify.com/v1/tracks/5jzEwSyyymBlf1fa1o39T2","https://api.spotify.com/v1/audio-analysis/5jzEwSyyymBlf1fa1o39T2",193636,4,"512"
"98",0.759,0.842,8,-3.758,1,0.096,0.101,0,0.134,0.584,105.059,"audio_features","3JCaq3KDSROg3TXhdiDa9n","spotify:track:3JCaq3KDSROg3TXhdiDa9n","https://api.spotify.com/v1/tracks/3JCaq3KDSROg3TXhdiDa9n","https://api.spotify.com/v1/audio-analysis/3JCaq3KDSROg3TXhdiDa9n",263253,4,"Ley Seca"
"99",0.809,0.634,9,-6.432,0,0.0833,0.147,1.85e-06,0.532,0.601,154.979,"audio_features","6wxZq37sANWYDJiDN5khyL","spotify:track:6wxZq37sANWYDJiDN5khyL","https://api.spotify.com/v1/tracks/6wxZq37sANWYDJiDN5khyL","https://api.spotify.com/v1/audio-analysis/6wxZq37sANWYDJiDN5khyL",512060,4,"Darte Remix"
"100",0.752,0.719,6,-4.399,0,0.0285,0.264,7.96e-05,0.126,0.544,107.582,"audio_features","3pQYf90V5idOGrXzosm9rt","spotify:track:3pQYf90V5idOGrXzosm9rt","https://api.spotify.com/v1/tracks/3pQYf90V5idOGrXzosm9rt","https://api.spotify.com/v1/audio-analysis/3pQYf90V5idOGrXzosm9rt",235858,4,"Se Amerita"
"101",0.727,0.482,11,-6.193,1,0.115,0.933,0,0.388,0.487,74.93,"audio_features","6qoIFQfdmaQF9A1gb67tR7","spotify:track:6qoIFQfdmaQF9A1gb67tR7","https://api.spotify.com/v1/tracks/6qoIFQfdmaQF9A1gb67tR7","https://api.spotify.com/v1/audio-analysis/6qoIFQfdmaQF9A1gb67tR7",155947,4,"Ocean"
"102",0.807,0.803,11,-4.156,1,0.126,0.602,0.00853,0.136,0.706,91.987,"audio_features","5W83ErFkO3aKAIS1WMi6u0","spotify:track:5W83ErFkO3aKAIS1WMi6u0","https://api.spotify.com/v1/tracks/5W83ErFkO3aKAIS1WMi6u0","https://api.spotify.com/v1/audio-analysis/5W83ErFkO3aKAIS1WMi6u0",258800,4,"Secreto"
"103",0.717,0.708,11,-4.395,1,0.19,0.511,0.00101,0.106,0.518,180.001,"audio_features","1beTDCe7sT7fzm8WIKXicz","spotify:track:1beTDCe7sT7fzm8WIKXicz","https://api.spotify.com/v1/tracks/1beTDCe7sT7fzm8WIKXicz","https://api.spotify.com/v1/audio-analysis/1beTDCe7sT7fzm8WIKXicz",189413,4,"Ay, DiOs Mío!"
"104",0.864,0.658,1,-4.105,0,0.154,0.204,0.000626,0.105,0.865,163.922,"audio_features","1WvrDdouh6C51In1SdATbq","spotify:track:1WvrDdouh6C51In1SdATbq","https://api.spotify.com/v1/tracks/1WvrDdouh6C51In1SdATbq","https://api.spotify.com/v1/audio-analysis/1WvrDdouh6C51In1SdATbq",178693,4,"BICHOTA"
"105",0.515,0.704,9,-5.25,0,0.206,0.767,0,0.415,0.885,91.246,"audio_features","0aZnyTWJNgdzYoOiaW8HKG","spotify:track:0aZnyTWJNgdzYoOiaW8HKG","https://api.spotify.com/v1/tracks/0aZnyTWJNgdzYoOiaW8HKG","https://api.spotify.com/v1/audio-analysis/0aZnyTWJNgdzYoOiaW8HKG",217213,3,"200 COPAS"
"106",0.405,0.565,1,-9.266,0,0.0372,0.38,0.0195,0.107,0.166,159.892,"audio_features","6G2xXQRSZlEzYsUEb3uvuR","spotify:track:6G2xXQRSZlEzYsUEb3uvuR","https://api.spotify.com/v1/tracks/6G2xXQRSZlEzYsUEb3uvuR","https://api.spotify.com/v1/audio-analysis/6G2xXQRSZlEzYsUEb3uvuR",214149,3,"Está Dañada"
"107",0.676,0.551,4,-8.386,0,0.0318,0.35,2.42e-05,0.137,0.301,81.47,"audio_features","6eaTOaQHqkjuNvoShsoXhT","spotify:track:6eaTOaQHqkjuNvoShsoXhT","https://api.spotify.com/v1/tracks/6eaTOaQHqkjuNvoShsoXhT","https://api.spotify.com/v1/audio-analysis/6eaTOaQHqkjuNvoShsoXhT",183435,3,"Esa Carita"
"108",0.424,0.589,10,-8.368,1,0.0384,0.558,1.1e-05,0.058,0.903,170.031,"audio_features","43kD7kP2cXd3uwBw9AoxmD","spotify:track:43kD7kP2cXd3uwBw9AoxmD","https://api.spotify.com/v1/tracks/43kD7kP2cXd3uwBw9AoxmD","https://api.spotify.com/v1/audio-analysis/43kD7kP2cXd3uwBw9AoxmD",209333,3,"Baraja de Oro"
"109",0.663,0.858,5,-2.821,1,0.0463,0.289,0,0.374,0.805,116.269,"audio_features","5iCcDXbsM7Sj0kP7h9g60b","spotify:track:5iCcDXbsM7Sj0kP7h9g60b","https://api.spotify.com/v1/tracks/5iCcDXbsM7Sj0kP7h9g60b","https://api.spotify.com/v1/audio-analysis/5iCcDXbsM7Sj0kP7h9g60b",159373,4,"Una Vez Más"
"110",0.779,0.619,9,-5.285,1,0.0348,0.379,0,0.182,0.92,120.012,"audio_features","05E5g4x7VLGiQlFN2drYHW","spotify:track:05E5g4x7VLGiQlFN2drYHW","https://api.spotify.com/v1/tracks/05E5g4x7VLGiQlFN2drYHW","https://api.spotify.com/v1/audio-analysis/05E5g4x7VLGiQlFN2drYHW",272227,4,"Te Amo (Para Siempre)"
"111",0.8,0.373,0,-6.189,1,0.0464,0.58,4.44e-06,0.176,0.957,141.264,"audio_features","41wLvVjHPmk9kVNd8OasbW","spotify:track:41wLvVjHPmk9kVNd8OasbW","https://api.spotify.com/v1/tracks/41wLvVjHPmk9kVNd8OasbW","https://api.spotify.com/v1/audio-analysis/41wLvVjHPmk9kVNd8OasbW",236920,3,"Vaciando Botellas"
"112",0.518,0.404,10,-6.003,1,0.0425,0.373,1.01e-05,0.0422,0.9,98.84,"audio_features","0u0BI9iLG7JzCr0x4eXXWw","spotify:track:0u0BI9iLG7JzCr0x4eXXWw","https://api.spotify.com/v1/tracks/0u0BI9iLG7JzCr0x4eXXWw","https://api.spotify.com/v1/audio-analysis/0u0BI9iLG7JzCr0x4eXXWw",200547,4,"Con El Alma Marchita"
"113",0.764,0.741,9,-3.617,1,0.101,0.239,0,0.107,0.802,170.081,"audio_features","19OXtYzrJyCrQvTbfukt4H","spotify:track:19OXtYzrJyCrQvTbfukt4H","https://api.spotify.com/v1/tracks/19OXtYzrJyCrQvTbfukt4H","https://api.spotify.com/v1/audio-analysis/19OXtYzrJyCrQvTbfukt4H",198570,4,"Madrid (feat. Myke Towers)"
"114",0.813,0.809,3,-5.382,0,0.0846,0.102,1.37e-06,0.377,0.646,93.005,"audio_features","1WedZeiezCmCEOzLwhx0hV","spotify:track:1WedZeiezCmCEOzLwhx0hV","https://api.spotify.com/v1/tracks/1WedZeiezCmCEOzLwhx0hV","https://api.spotify.com/v1/audio-analysis/1WedZeiezCmCEOzLwhx0hV",393280,4,"Poblado - Remix"
"115",0.68,0.613,11,-4.368,1,0.0818,0.758,0,0.161,0.609,100.127,"audio_features","0zlnHTHiBQ68ZCAmTw5ozm","spotify:track:0zlnHTHiBQ68ZCAmTw5ozm","https://api.spotify.com/v1/tracks/0zlnHTHiBQ68ZCAmTw5ozm","https://api.spotify.com/v1/audio-analysis/0zlnHTHiBQ68ZCAmTw5ozm",261603,4,"Algo Mágico"
"116",0.749,0.418,9,-7.925,0,0.0587,0.985,0.000126,0.0832,0.307,147.887,"audio_features","68QcquxCS39cQGTsRrJWIR","spotify:track:68QcquxCS39cQGTsRrJWIR","https://api.spotify.com/v1/tracks/68QcquxCS39cQGTsRrJWIR","https://api.spotify.com/v1/audio-analysis/68QcquxCS39cQGTsRrJWIR",153887,3,"Amorfoda"
"117",0.73,0.81,3,-8.643,1,0.0541,0.146,2.48e-06,0.356,0.839,122.389,"audio_features","3JGkx0qK6mh7O7qz9zCLXM","spotify:track:3JGkx0qK6mh7O7qz9zCLXM","https://api.spotify.com/v1/tracks/3JGkx0qK6mh7O7qz9zCLXM","https://api.spotify.com/v1/audio-analysis/3JGkx0qK6mh7O7qz9zCLXM",209160,4,"Cada Día Más - En Vivo"
"118",0.793,0.745,7,-4.579,1,0.0571,0.182,0.000189,0.293,0.716,94.979,"audio_features","2KcNrONbZ0hvBPjvrDO2tx","spotify:track:2KcNrONbZ0hvBPjvrDO2tx","https://api.spotify.com/v1/tracks/2KcNrONbZ0hvBPjvrDO2tx","https://api.spotify.com/v1/audio-analysis/2KcNrONbZ0hvBPjvrDO2tx",235411,4,"ALMAS GEMELAS"
"119",0.698,0.376,0,-5.667,1,0.0269,0.0715,0,0.235,0.851,105.008,"audio_features","29dncy6vuUex6UHLfhPQDa","spotify:track:29dncy6vuUex6UHLfhPQDa","https://api.spotify.com/v1/tracks/29dncy6vuUex6UHLfhPQDa","https://api.spotify.com/v1/audio-analysis/29dncy6vuUex6UHLfhPQDa",183467,3,"Se Me Olvidaba"
"120",0.568,0.291,2,-7.73,1,0.0268,0.857,1.63e-05,0.159,0.357,92.023,"audio_features","1RWLUiW3hxw9zW17XD5E0u","spotify:track:1RWLUiW3hxw9zW17XD5E0u","https://api.spotify.com/v1/tracks/1RWLUiW3hxw9zW17XD5E0u","https://api.spotify.com/v1/audio-analysis/1RWLUiW3hxw9zW17XD5E0u",261132,4,"Por Mujeres Como Tu"
"121",0.589,0.473,5,-6.126,1,0.0274,0.679,1.45e-06,0.14,0.722,92.647,"audio_features","1X7oprV22VfxGI50mXgdCi","spotify:track:1X7oprV22VfxGI50mXgdCi","https://api.spotify.com/v1/tracks/1X7oprV22VfxGI50mXgdCi","https://api.spotify.com/v1/audio-analysis/1X7oprV22VfxGI50mXgdCi",175896,3,"Nadie Es Eterno"
"122",0.668,0.621,10,-8.462,1,0.0403,0.689,0.0106,0.0848,0.965,101.947,"audio_features","5Z1ccgQSt9TJlsV6rDyMf1","spotify:track:5Z1ccgQSt9TJlsV6rDyMf1","https://api.spotify.com/v1/tracks/5Z1ccgQSt9TJlsV6rDyMf1","https://api.spotify.com/v1/audio-analysis/5Z1ccgQSt9TJlsV6rDyMf1",187482,4,"El Gavilancillo"
"123",0.817,0.775,10,-4.767,0,0.108,0.277,0,0.108,0.806,126.984,"audio_features","4wqzOaLxiCRy2Et8tRyNSX","spotify:track:4wqzOaLxiCRy2Et8tRyNSX","https://api.spotify.com/v1/tracks/4wqzOaLxiCRy2Et8tRyNSX","https://api.spotify.com/v1/audio-analysis/4wqzOaLxiCRy2Et8tRyNSX",234334,4,"The Thrill"
"124",0.651,0.726,8,-4.144,1,0.0539,0.382,0,0.0535,0.963,179.99,"audio_features","798ahLNEcoFER7Vywg1FMT","spotify:track:798ahLNEcoFER7Vywg1FMT","https://api.spotify.com/v1/tracks/798ahLNEcoFER7Vywg1FMT","https://api.spotify.com/v1/audio-analysis/798ahLNEcoFER7Vywg1FMT",156267,3,"A La Antigüita"
"125",0.616,0.732,1,-5.621,1,0.0326,0.00597,0,0.295,0.487,83.996,"audio_features","5eydRs5ldTpCFyjTEcpSE9","spotify:track:5eydRs5ldTpCFyjTEcpSE9","https://api.spotify.com/v1/tracks/5eydRs5ldTpCFyjTEcpSE9","https://api.spotify.com/v1/audio-analysis/5eydRs5ldTpCFyjTEcpSE9",198947,4,"Te Quiero"
"126",0.74,0.698,6,-3.838,0,0.0388,0.215,0,0.116,0.529,139.99,"audio_features","7alOsNr36sJ8CyOEP4aILq","spotify:track:7alOsNr36sJ8CyOEP4aILq","https://api.spotify.com/v1/tracks/7alOsNr36sJ8CyOEP4aILq","https://api.spotify.com/v1/audio-analysis/7alOsNr36sJ8CyOEP4aILq",270400,4,"ODIO"
"127",0.922,0.927,11,-3.025,1,0.105,0.283,0.00331,0.719,0.796,129.978,"audio_features","2L95U6syP0bV3fkYYOzmiW","spotify:track:2L95U6syP0bV3fkYYOzmiW","https://api.spotify.com/v1/tracks/2L95U6syP0bV3fkYYOzmiW","https://api.spotify.com/v1/audio-analysis/2L95U6syP0bV3fkYYOzmiW",219000,4,"La Mamá de la Mamá"
"128",0.596,0.669,8,-5.688,1,0.218,0.368,0,0.12,0.815,81.16,"audio_features","3gluf5rb6ygO8CWo6HosQR","spotify:track:3gluf5rb6ygO8CWo6HosQR","https://api.spotify.com/v1/tracks/3gluf5rb6ygO8CWo6HosQR","https://api.spotify.com/v1/audio-analysis/3gluf5rb6ygO8CWo6HosQR",173043,4,"Pasos Firmes"
"129",0.802,0.45,4,-4.893,0,0.0316,0.331,0.0017,0.0935,0.777,125.985,"audio_features","0sfs8U4743dBlUKKxN7pye","spotify:track:0sfs8U4743dBlUKKxN7pye","https://api.spotify.com/v1/tracks/0sfs8U4743dBlUKKxN7pye","https://api.spotify.com/v1/audio-analysis/0sfs8U4743dBlUKKxN7pye",218093,4,"Mi Olvido"
"130",0.636,0.452,10,-5.326,1,0.0569,0.533,0,0.0922,0.955,169.794,"audio_features","71K1ZMlNRkjdiqXLRNIeUB","spotify:track:71K1ZMlNRkjdiqXLRNIeUB","https://api.spotify.com/v1/tracks/71K1ZMlNRkjdiqXLRNIeUB","https://api.spotify.com/v1/audio-analysis/71K1ZMlNRkjdiqXLRNIeUB",208693,3,"La Amistad No Cuesta"
"131",0.917,0.588,10,-11.047,1,0.0607,0.195,0,0.0914,0.828,110.077,"audio_features","1mCsF9Tw4AkIZOjvZbZZdT","spotify:track:1mCsF9Tw4AkIZOjvZbZZdT","https://api.spotify.com/v1/tracks/1mCsF9Tw4AkIZOjvZbZZdT","https://api.spotify.com/v1/audio-analysis/1mCsF9Tw4AkIZOjvZbZZdT",184480,4,"Break My Stride"
"132",0.436,0.4,0,-6.521,1,0.11,0.463,0,0.76,0.568,75.576,"audio_features","6HIIuuUIEzH1meVdGbMXyf","spotify:track:6HIIuuUIEzH1meVdGbMXyf","https://api.spotify.com/v1/tracks/6HIIuuUIEzH1meVdGbMXyf","https://api.spotify.com/v1/audio-analysis/6HIIuuUIEzH1meVdGbMXyf",189050,3,"Ya Supérame (En Vivo)"
"133",0.703,0.0828,7,-14.178,1,0.139,0.825,1.24e-05,0.13,0.57,125.879,"audio_features","4eOymg22XI5PrPr7BkPQiW","spotify:track:4eOymg22XI5PrPr7BkPQiW","https://api.spotify.com/v1/tracks/4eOymg22XI5PrPr7BkPQiW","https://api.spotify.com/v1/audio-analysis/4eOymg22XI5PrPr7BkPQiW",158853,4,"Into The Thick Of It!"
"134",0.596,0.573,2,-7.452,1,0.0285,0.192,0,0.0881,0.417,78.554,"audio_features","4MNfkZ8dtva3cjJ2biqnDS","spotify:track:4MNfkZ8dtva3cjJ2biqnDS","https://api.spotify.com/v1/tracks/4MNfkZ8dtva3cjJ2biqnDS","https://api.spotify.com/v1/audio-analysis/4MNfkZ8dtva3cjJ2biqnDS",175013,4,"Ven Porque Te Necesito"
"135",0.438,0.393,7,-7.714,1,0.0318,0.567,0.00735,0.13,0.685,159.743,"audio_features","7GFIRU9DfwqiLQaDDlyVp3","spotify:track:7GFIRU9DfwqiLQaDDlyVp3","https://api.spotify.com/v1/tracks/7GFIRU9DfwqiLQaDDlyVp3","https://api.spotify.com/v1/audio-analysis/7GFIRU9DfwqiLQaDDlyVp3",185014,3,"Descansa Mi Amor"
"136",0.942,0.596,10,-3.744,1,0.0573,0.428,5.65e-05,0.139,0.94,120.02,"audio_features","1gENMdlZqGQ3qaat7adxHJ","spotify:track:1gENMdlZqGQ3qaat7adxHJ","https://api.spotify.com/v1/tracks/1gENMdlZqGQ3qaat7adxHJ","https://api.spotify.com/v1/audio-analysis/1gENMdlZqGQ3qaat7adxHJ",156640,3,"Un Fin en Culiacán"
"137",0.452,0.523,5,-6.453,1,0.0625,0.563,0,0.233,0.363,173.85,"audio_features","4OyzSXRSadNQt5EMwASdap","spotify:track:4OyzSXRSadNQt5EMwASdap","https://api.spotify.com/v1/tracks/4OyzSXRSadNQt5EMwASdap","https://api.spotify.com/v1/audio-analysis/4OyzSXRSadNQt5EMwASdap",193827,3,"Todo Cambió"
"138",0.696,0.758,4,-6.076,1,0.0264,0.17,3.33e-05,0.189,0.859,129.943,"audio_features","3b1IQflSLrgzYQPGFzI9cl","spotify:track:3b1IQflSLrgzYQPGFzI9cl","https://api.spotify.com/v1/tracks/3b1IQflSLrgzYQPGFzI9cl","https://api.spotify.com/v1/audio-analysis/3b1IQflSLrgzYQPGFzI9cl",250693,4,"Es Por Ti"
"139",0.479,0.477,11,-6.886,1,0.0363,0.127,0,0.15,0.127,151.97,"audio_features","5kIcrM3QVD4BQPFMszQnU1","spotify:track:5kIcrM3QVD4BQPFMszQnU1","https://api.spotify.com/v1/tracks/5kIcrM3QVD4BQPFMszQnU1","https://api.spotify.com/v1/audio-analysis/5kIcrM3QVD4BQPFMszQnU1",288893,4,"¡Corre!"
"140",0.521,0.566,9,-7.441,1,0.0329,0.0747,0,0.244,0.654,149.855,"audio_features","1sJFu2pvYJhtEOo9oVe1TZ","spotify:track:1sJFu2pvYJhtEOo9oVe1TZ","https://api.spotify.com/v1/tracks/1sJFu2pvYJhtEOo9oVe1TZ","https://api.spotify.com/v1/audio-analysis/1sJFu2pvYJhtEOo9oVe1TZ",263667,4,"Me Enamoré de Ti"
"141",0.782,0.793,11,-5.865,0,0.045,0.442,0,0.295,0.969,102.001,"audio_features","3o3eHNNF5HDU3I0Jg25SGD","spotify:track:3o3eHNNF5HDU3I0Jg25SGD","https://api.spotify.com/v1/tracks/3o3eHNNF5HDU3I0Jg25SGD","https://api.spotify.com/v1/audio-analysis/3o3eHNNF5HDU3I0Jg25SGD",207693,4,"Na Na Na (Dulce Niña)"
"142",0.647,0.629,0,-8.041,1,0.0305,0.657,6.46e-05,0.0428,0.457,112.049,"audio_features","0tgjnOlps2Hc798rOYGpvi","spotify:track:0tgjnOlps2Hc798rOYGpvi","https://api.spotify.com/v1/tracks/0tgjnOlps2Hc798rOYGpvi","https://api.spotify.com/v1/audio-analysis/0tgjnOlps2Hc798rOYGpvi",332040,4,"Experiencia Religiosa"
"143",0.78,0.877,6,-3.683,0,0.0427,0.148,2.36e-06,0.0627,0.909,133.263,"audio_features","1uKjQoh8JZj9ryuYRhpd7E","spotify:track:1uKjQoh8JZj9ryuYRhpd7E","https://api.spotify.com/v1/tracks/1uKjQoh8JZj9ryuYRhpd7E","https://api.spotify.com/v1/audio-analysis/1uKjQoh8JZj9ryuYRhpd7E",191973,4,"Ahora Te Puedes Marchar"
"144",0.747,0.716,6,-6.037,1,0.0694,0.295,0,0.0868,0.385,100.863,"audio_features","4JyacVQ1oCFXpnZkDuH5x4","spotify:track:4JyacVQ1oCFXpnZkDuH5x4","https://api.spotify.com/v1/tracks/4JyacVQ1oCFXpnZkDuH5x4","https://api.spotify.com/v1/audio-analysis/4JyacVQ1oCFXpnZkDuH5x4",271693,4,"Estoy Enamorado"
"145",0.676,0.91,9,-5.096,1,0.132,0.257,0,0.153,0.716,120.022,"audio_features","4u5xLMRN0dgKBFFN8FiNgv","spotify:track:4u5xLMRN0dgKBFFN8FiNgv","https://api.spotify.com/v1/tracks/4u5xLMRN0dgKBFFN8FiNgv","https://api.spotify.com/v1/audio-analysis/4u5xLMRN0dgKBFFN8FiNgv",216787,4,"Niña Bonita"
"146",0.821,0.819,1,-3.627,1,0.0272,0.0104,5.49e-05,0.145,0.893,126.03,"audio_features","79gkHjNTSyGPXEyGkNQ8zH","spotify:track:79gkHjNTSyGPXEyGkNQ8zH","https://api.spotify.com/v1/tracks/79gkHjNTSyGPXEyGkNQ8zH","https://api.spotify.com/v1/audio-analysis/79gkHjNTSyGPXEyGkNQ8zH",200347,4,"Cuando Me Enamoro"
"147",0.723,0.777,7,-3.503,1,0.108,0.0426,3.68e-06,0.0451,0.961,91.017,"audio_features","32lm3769IRfcnrQV11LO4E","spotify:track:32lm3769IRfcnrQV11LO4E","https://api.spotify.com/v1/tracks/32lm3769IRfcnrQV11LO4E","https://api.spotify.com/v1/audio-analysis/32lm3769IRfcnrQV11LO4E",243413,4,"Bailando - Spanish Version"
"148",0.795,0.751,8,-3.661,1,0.0675,0.337,0,0.0983,0.537,113.033,"audio_features","2ECIwi1a7mfokdDkkJ08Ne","spotify:track:2ECIwi1a7mfokdDkkJ08Ne","https://api.spotify.com/v1/tracks/2ECIwi1a7mfokdDkkJ08Ne","https://api.spotify.com/v1/audio-analysis/2ECIwi1a7mfokdDkkJ08Ne",346460,4,"Loca - Remix"
"149",0.856,0.618,7,-4.892,1,0.286,0.0303,0,0.0866,0.391,81.993,"audio_features","2XIc1pqjXV3Cr2BQUGNBck","spotify:track:2XIc1pqjXV3Cr2BQUGNBck","https://api.spotify.com/v1/tracks/2XIc1pqjXV3Cr2BQUGNBck","https://api.spotify.com/v1/audio-analysis/2XIc1pqjXV3Cr2BQUGNBck",203201,4,"LA NOCHE DE ANOCHE"
"150",0.653,0.524,11,-9.016,0,0.0502,0.112,0,0.203,0.553,83.97,"audio_features","6tDDoYIxWvMLTdKpjFkc1B","spotify:track:6tDDoYIxWvMLTdKpjFkc1B","https://api.spotify.com/v1/tracks/6tDDoYIxWvMLTdKpjFkc1B","https://api.spotify.com/v1/audio-analysis/6tDDoYIxWvMLTdKpjFkc1B",160191,4,"telepatía"
"151",0.78,0.718,3,-3.605,0,0.0506,0.31,0.000163,0.0932,0.342,127.949,"audio_features","4fSIb4hdOQ151TILNsSEaF","spotify:track:4fSIb4hdOQ151TILNsSEaF","https://api.spotify.com/v1/tracks/4fSIb4hdOQ151TILNsSEaF","https://api.spotify.com/v1/audio-analysis/4fSIb4hdOQ151TILNsSEaF",199604,4,"Todo De Ti"
"152",0.471,0.293,11,-8.47,0,0.0313,0.768,0.00824,0.0981,0.243,140.056,"audio_features","3G8WaQkwVSwlcDGRHniG3w","spotify:track:3G8WaQkwVSwlcDGRHniG3w","https://api.spotify.com/v1/tracks/3G8WaQkwVSwlcDGRHniG3w","https://api.spotify.com/v1/audio-analysis/3G8WaQkwVSwlcDGRHniG3w",285156,4,"La Vi Llorar"
"153",0.535,0.538,9,-6.439,1,0.0313,0.518,0,0.222,0.656,145.225,"audio_features","2BEVCbf561QZ5I9dWnqXCH","spotify:track:2BEVCbf561QZ5I9dWnqXCH","https://api.spotify.com/v1/tracks/2BEVCbf561QZ5I9dWnqXCH","https://api.spotify.com/v1/audio-analysis/2BEVCbf561QZ5I9dWnqXCH",235153,4,"Desvelado"
"154",0.497,0.22,2,-17.305,0,0.0439,0.371,0.945,0.131,0.104,118.96,"audio_features","43HHcZf0Pkc6bx6FVBrXW9","spotify:track:43HHcZf0Pkc6bx6FVBrXW9","https://api.spotify.com/v1/tracks/43HHcZf0Pkc6bx6FVBrXW9","https://api.spotify.com/v1/audio-analysis/43HHcZf0Pkc6bx6FVBrXW9",245201,4,"Enamorado"
"155",0.715,0.573,4,-5.748,1,0.0374,0.655,0.00735,0.185,0.816,116.548,"audio_features","2pHEY4tZtfTP4sX6MbsP2C","spotify:track:2pHEY4tZtfTP4sX6MbsP2C","https://api.spotify.com/v1/tracks/2pHEY4tZtfTP4sX6MbsP2C","https://api.spotify.com/v1/audio-analysis/2pHEY4tZtfTP4sX6MbsP2C",213159,4,"Vida Recia - En vivo"
"156",0.482,0.608,8,-10.974,0,0.207,0.0485,0,0.124,0.849,169.341,"audio_features","2dDfS3g7VYjQLDqPnMY8oB","spotify:track:2dDfS3g7VYjQLDqPnMY8oB","https://api.spotify.com/v1/tracks/2dDfS3g7VYjQLDqPnMY8oB","https://api.spotify.com/v1/audio-analysis/2dDfS3g7VYjQLDqPnMY8oB",184848,3,"en el Refuego"
"157",0.727,0.546,0,-4.572,1,0.0437,0.656,0,0.122,0.69,106.891,"audio_features","2MnLkFqY9Rpg9s3Zv6ZJdK","spotify:track:2MnLkFqY9Rpg9s3Zv6ZJdK","https://api.spotify.com/v1/tracks/2MnLkFqY9Rpg9s3Zv6ZJdK","https://api.spotify.com/v1/audio-analysis/2MnLkFqY9Rpg9s3Zv6ZJdK",197333,4,"Botella Tras Botella"
"158",0.628,0.385,8,-10.598,1,0.0388,0.478,0,0.682,0.815,117.194,"audio_features","5nKW6gce7IE9P1vFqRblMW","spotify:track:5nKW6gce7IE9P1vFqRblMW","https://api.spotify.com/v1/tracks/5nKW6gce7IE9P1vFqRblMW","https://api.spotify.com/v1/audio-analysis/5nKW6gce7IE9P1vFqRblMW",192261,4,"Corazon Magico"
"159",0.689,0.4,6,-7.321,0,0.0332,0.0828,0.000584,0.371,0.21,94.892,"audio_features","5Zc8bDAbkaBCVQXMy5jfZN","spotify:track:5Zc8bDAbkaBCVQXMy5jfZN","https://api.spotify.com/v1/tracks/5Zc8bDAbkaBCVQXMy5jfZN","https://api.spotify.com/v1/audio-analysis/5Zc8bDAbkaBCVQXMy5jfZN",194840,4,"Forrest Gump"
"160",0.761,0.497,6,-10.934,0,0.0249,0.302,0,0.121,0.897,93.039,"audio_features","5uJ7yN6HWQMSWxbYDtyB1s","spotify:track:5uJ7yN6HWQMSWxbYDtyB1s","https://api.spotify.com/v1/tracks/5uJ7yN6HWQMSWxbYDtyB1s","https://api.spotify.com/v1/audio-analysis/5uJ7yN6HWQMSWxbYDtyB1s",165564,4,"Te Apendejé"
"161",0.529,0.492,9,-11.591,1,0.0407,0.0166,0.0179,0.0811,0.583,180.08,"audio_features","1XdPelo5rZ74RZIYe2oLBF","spotify:track:1XdPelo5rZ74RZIYe2oLBF","https://api.spotify.com/v1/tracks/1XdPelo5rZ74RZIYe2oLBF","https://api.spotify.com/v1/audio-analysis/1XdPelo5rZ74RZIYe2oLBF",193358,3,"Me Gustas Mucho"
"162",0.807,0.424,7,-9.799,1,0.0356,0.624,0,0.0877,0.753,138.072,"audio_features","3J76NrtaLaKdV0u1N7Awt5","spotify:track:3J76NrtaLaKdV0u1N7Awt5","https://api.spotify.com/v1/tracks/3J76NrtaLaKdV0u1N7Awt5","https://api.spotify.com/v1/audio-analysis/3J76NrtaLaKdV0u1N7Awt5",246359,3,"Un 18"
"163",0.675,0.734,7,-8.659,1,0.0265,0.38,0.895,0.141,0.533,101.998,"audio_features","2ncLdwTd8qzkxiJjlbiOgC","spotify:track:2ncLdwTd8qzkxiJjlbiOgC","https://api.spotify.com/v1/tracks/2ncLdwTd8qzkxiJjlbiOgC","https://api.spotify.com/v1/audio-analysis/2ncLdwTd8qzkxiJjlbiOgC",294213,4,"Mr. Rager"
"164",0.448,0.655,2,-7.533,0,0.054,0.283,0,0.0904,0.932,165.352,"audio_features","6XoJk9jjxCltYS0y7Y6fEU","spotify:track:6XoJk9jjxCltYS0y7Y6fEU","https://api.spotify.com/v1/tracks/6XoJk9jjxCltYS0y7Y6fEU","https://api.spotify.com/v1/audio-analysis/6XoJk9jjxCltYS0y7Y6fEU",199760,4,"Son de Amores"
"165",0.877,0.529,0,-6.235,0,0.0461,0.479,0.00159,0.094,0.422,104.984,"audio_features","6RbH4isVKIOg1OY1HvRqFc","spotify:track:6RbH4isVKIOg1OY1HvRqFc","https://api.spotify.com/v1/tracks/6RbH4isVKIOg1OY1HvRqFc","https://api.spotify.com/v1/audio-analysis/6RbH4isVKIOg1OY1HvRqFc",281120,4,"LOYAL (feat. Drake and Bad Bunny) - Remix"
"166",0.596,0.575,11,-8.325,0,0.0514,0.0861,0.000153,0.334,0.34,98.265,"audio_features","3jHdKaLCkuNEkWcLVmQPCX","spotify:track:3jHdKaLCkuNEkWcLVmQPCX","https://api.spotify.com/v1/tracks/3jHdKaLCkuNEkWcLVmQPCX","https://api.spotify.com/v1/audio-analysis/3jHdKaLCkuNEkWcLVmQPCX",127921,3,"BEST INTEREST"
"167",0.654,0.548,1,-11.323,1,0.0327,0.567,0.0844,0.107,0.821,149.998,"audio_features","7DxxXZri7IakXGz7IY2lgk","spotify:track:7DxxXZri7IakXGz7IY2lgk","https://api.spotify.com/v1/tracks/7DxxXZri7IakXGz7IY2lgk","https://api.spotify.com/v1/audio-analysis/7DxxXZri7IakXGz7IY2lgk",155362,4,"Memorias de Plástico"
"168",0.675,0.16,0,-11.667,1,0.0586,0.985,0.00688,0.164,0.247,69.754,"audio_features","2TzkIzgzIHhewMxyh1u4hh","spotify:track:2TzkIzgzIHhewMxyh1u4hh","https://api.spotify.com/v1/tracks/2TzkIzgzIHhewMxyh1u4hh","https://api.spotify.com/v1/audio-analysis/2TzkIzgzIHhewMxyh1u4hh",179094,4,"Vámonos a Marte"
"169",0.762,0.545,2,-9.221,1,0.145,0.211,5.78e-06,0.122,0.039,93.629,"audio_features","4LLHvfvE21JQFD9ZKVCbd0","spotify:track:4LLHvfvE21JQFD9ZKVCbd0","https://api.spotify.com/v1/tracks/4LLHvfvE21JQFD9ZKVCbd0","https://api.spotify.com/v1/audio-analysis/4LLHvfvE21JQFD9ZKVCbd0",288157,4,"Lost"
"170",0.589,0.479,2,-8.146,1,0.0278,0.485,0,0.077,0.736,136.567,"audio_features","1rEdvfLrkCB4RqxI8D6ZNR","spotify:track:1rEdvfLrkCB4RqxI8D6ZNR","https://api.spotify.com/v1/tracks/1rEdvfLrkCB4RqxI8D6ZNR","https://api.spotify.com/v1/audio-analysis/1rEdvfLrkCB4RqxI8D6ZNR",272920,3,"Aliado Del Tiempo"
"171",0.558,0.66,1,-3.014,1,0.0311,0.274,0.000105,0.137,0.604,102.143,"audio_features","7GV9iziCj6kx0noYOtrI6O","spotify:track:7GV9iziCj6kx0noYOtrI6O","https://api.spotify.com/v1/tracks/7GV9iziCj6kx0noYOtrI6O","https://api.spotify.com/v1/audio-analysis/7GV9iziCj6kx0noYOtrI6O",212493,3,"Me Canse De Morir Por Tu Amor"
"172",0.558,0.328,0,-7.846,0,0.0478,0.645,0,0.0704,0.547,141.214,"audio_features","3JA5Q0vCNxK7b3ZLXQD0eT","spotify:track:3JA5Q0vCNxK7b3ZLXQD0eT","https://api.spotify.com/v1/tracks/3JA5Q0vCNxK7b3ZLXQD0eT","https://api.spotify.com/v1/audio-analysis/3JA5Q0vCNxK7b3ZLXQD0eT",194427,4,"Y Sigues Siendo Tú"
"173",0.915,0.365,8,-7.388,1,0.0469,0.15,0.00021,0.045,0.966,110.038,"audio_features","771uWh7jUoy5UV6VPxsCXK","spotify:track:771uWh7jUoy5UV6VPxsCXK","https://api.spotify.com/v1/tracks/771uWh7jUoy5UV6VPxsCXK","https://api.spotify.com/v1/audio-analysis/771uWh7jUoy5UV6VPxsCXK",168640,4,"Playa Sola"
"174",0.825,0.678,4,-5.401,1,0.0461,0.519,0,0.115,0.43,134.12,"audio_features","3kEsMLO3qUUwiXeCndsMIb","spotify:track:3kEsMLO3qUUwiXeCndsMIb","https://api.spotify.com/v1/tracks/3kEsMLO3qUUwiXeCndsMIb","https://api.spotify.com/v1/audio-analysis/3kEsMLO3qUUwiXeCndsMIb",201264,4,"Bossa No Sé (feat. Jean Carter)"
"175",0.672,0.406,5,-8.361,1,0.0382,0.671,0.000258,0.308,0.909,155.722,"audio_features","43UQAAZQB9eVlZhdz5pnt1","spotify:track:43UQAAZQB9eVlZhdz5pnt1","https://api.spotify.com/v1/tracks/43UQAAZQB9eVlZhdz5pnt1","https://api.spotify.com/v1/audio-analysis/43UQAAZQB9eVlZhdz5pnt1",173664,4,"Me Estoy Enamorando - en Vivo"
"176",0.574,0.53,10,-4.528,1,0.0676,0.694,0,0.212,0.971,116.617,"audio_features","0IgMqPXpAcZyyMH22mtnfj","spotify:track:0IgMqPXpAcZyyMH22mtnfj","https://api.spotify.com/v1/tracks/0IgMqPXpAcZyyMH22mtnfj","https://api.spotify.com/v1/audio-analysis/0IgMqPXpAcZyyMH22mtnfj",154413,4,"De Este Lado - En Vivo Desde Culiacán, Sinaloa"
"177",0.815,0.614,9,-3.934,1,0.0384,0.634,0,0.333,0.969,115.003,"audio_features","69xpoST4Jxkb11isdVcxpC","spotify:track:69xpoST4Jxkb11isdVcxpC","https://api.spotify.com/v1/tracks/69xpoST4Jxkb11isdVcxpC","https://api.spotify.com/v1/audio-analysis/69xpoST4Jxkb11isdVcxpC",175853,3,"Se Cae La Corona"
"178",0.793,0.723,8,-3.488,1,0.0656,0.416,7.88e-06,0.0736,0.973,124.923,"audio_features","7LPhwifzeiFDf3FxqlPviX","spotify:track:7LPhwifzeiFDf3FxqlPviX","https://api.spotify.com/v1/tracks/7LPhwifzeiFDf3FxqlPviX","https://api.spotify.com/v1/audio-analysis/7LPhwifzeiFDf3FxqlPviX",192091,3,"No Mencionan"
"179",0.839,0.658,0,-3.238,1,0.0337,0.63,2.04e-06,0.309,0.97,123.44,"audio_features","0G7T9fJJ6nWqT8cdPTnGZp","spotify:track:0G7T9fJJ6nWqT8cdPTnGZp","https://api.spotify.com/v1/tracks/0G7T9fJJ6nWqT8cdPTnGZp","https://api.spotify.com/v1/audio-analysis/0G7T9fJJ6nWqT8cdPTnGZp",183427,3,"Gracias"
"180",0.505,0.276,4,-12.784,1,0.0343,0.756,0.000508,0.369,0.596,103.056,"audio_features","3sgf3LgcrNoqOB1jm7PIP0","spotify:track:3sgf3LgcrNoqOB1jm7PIP0","https://api.spotify.com/v1/tracks/3sgf3LgcrNoqOB1jm7PIP0","https://api.spotify.com/v1/audio-analysis/3sgf3LgcrNoqOB1jm7PIP0",225000,3,"El Dueño De Tu Amor"
"181",0.613,0.576,9,-5.431,0,0.0369,0.325,0,0.355,0.841,96.254,"audio_features","317vHXvCtvtAJIEbBJIuys","spotify:track:317vHXvCtvtAJIEbBJIuys","https://api.spotify.com/v1/tracks/317vHXvCtvtAJIEbBJIuys","https://api.spotify.com/v1/audio-analysis/317vHXvCtvtAJIEbBJIuys",175032,3,"Acá en Guanajuato"
"182",0.858,0.634,0,-4.058,1,0.0286,0.518,0,0.236,0.909,110.03,"audio_features","2LJRoFOtMGLnSxJqlJuhge","spotify:track:2LJRoFOtMGLnSxJqlJuhge","https://api.spotify.com/v1/tracks/2LJRoFOtMGLnSxJqlJuhge","https://api.spotify.com/v1/audio-analysis/2LJRoFOtMGLnSxJqlJuhge",164360,3,"Tranquilito"
"183",0.708,0.547,6,-7.24,1,0.0287,0.464,0,0.0871,0.93,134.103,"audio_features","7e4iDbRzgsHyyRWBd7WnFs","spotify:track:7e4iDbRzgsHyyRWBd7WnFs","https://api.spotify.com/v1/tracks/7e4iDbRzgsHyyRWBd7WnFs","https://api.spotify.com/v1/audio-analysis/7e4iDbRzgsHyyRWBd7WnFs",248895,4,"Te Quiero Decir"
"184",0.898,0.702,3,-3.69,1,0.0532,0.764,0.000267,0.167,0.977,108.11,"audio_features","16Im2QhKFPsK4mKOtcQ002","spotify:track:16Im2QhKFPsK4mKOtcQ002","https://api.spotify.com/v1/tracks/16Im2QhKFPsK4mKOtcQ002","https://api.spotify.com/v1/audio-analysis/16Im2QhKFPsK4mKOtcQ002",203213,4,"Paz en Este Amor"
"185",0.852,0.292,4,-6.724,1,0.048,0.632,1.11e-06,0.114,0.954,140.006,"audio_features","7eensGADN6jTkmrtPPFcBO","spotify:track:7eensGADN6jTkmrtPPFcBO","https://api.spotify.com/v1/tracks/7eensGADN6jTkmrtPPFcBO","https://api.spotify.com/v1/audio-analysis/7eensGADN6jTkmrtPPFcBO",194627,4,"Enhorabuena"
"186",0.822,0.601,5,-5.418,0,0.297,0.415,0,0.0797,0.872,96.123,"audio_features","45jM2fuCq0NHD9p7xn0ptd","spotify:track:45jM2fuCq0NHD9p7xn0ptd","https://api.spotify.com/v1/tracks/45jM2fuCq0NHD9p7xn0ptd","https://api.spotify.com/v1/audio-analysis/45jM2fuCq0NHD9p7xn0ptd",243700,4,"¿Cual Es Tu Plan?"
"187",0.771,0.796,10,-4.106,0,0.0798,0.0385,9.35e-06,0.218,0.636,87.985,"audio_features","1g2Z2lOrwayOzDqOc8EfbR","spotify:track:1g2Z2lOrwayOzDqOc8EfbR","https://api.spotify.com/v1/tracks/1g2Z2lOrwayOzDqOc8EfbR","https://api.spotify.com/v1/audio-analysis/1g2Z2lOrwayOzDqOc8EfbR",289907,4,"La Cartera"
"188",0.856,0.866,0,-3.494,1,0.159,0.228,0.00154,0.164,0.638,116.005,"audio_features","1Bqg4yFeVDJxchh6MjkGKy","spotify:track:1Bqg4yFeVDJxchh6MjkGKy","https://api.spotify.com/v1/tracks/1Bqg4yFeVDJxchh6MjkGKy","https://api.spotify.com/v1/audio-analysis/1Bqg4yFeVDJxchh6MjkGKy",192001,4,"Chambea"
"189",0.639,0.791,10,-4.443,0,0.253,0.0275,0,0.362,0.939,92.603,"audio_features","25ZAibhr3bdlMCLmubZDVt","spotify:track:25ZAibhr3bdlMCLmubZDVt","https://api.spotify.com/v1/tracks/25ZAibhr3bdlMCLmubZDVt","https://api.spotify.com/v1/audio-analysis/25ZAibhr3bdlMCLmubZDVt",222347,4,"QUE PRETENDES"
"190",0.735,0.735,2,-4.322,1,0.0458,0.145,6.83e-06,0.057,0.979,150.297,"audio_features","35iVqFnqmcqbIckOYoFnrn","spotify:track:35iVqFnqmcqbIckOYoFnrn","https://api.spotify.com/v1/tracks/35iVqFnqmcqbIckOYoFnrn","https://api.spotify.com/v1/audio-analysis/35iVqFnqmcqbIckOYoFnrn",155987,4,"Jambalaya"
"191",0.793,0.771,5,-3.417,1,0.0959,0.0337,1.51e-06,0.284,0.835,171.943,"audio_features","35UUpTmrcFXNIVIN26ujXl","spotify:track:35UUpTmrcFXNIVIN26ujXl","https://api.spotify.com/v1/tracks/35UUpTmrcFXNIVIN26ujXl","https://api.spotify.com/v1/audio-analysis/35UUpTmrcFXNIVIN26ujXl",247308,4,"Relación - Remix"
"192",0.815,0.715,4,-4.65,0,0.207,0.3,4.83e-06,0.091,0.786,176.007,"audio_features","1mohfLaTJtB2RplHLQVM70","spotify:track:1mohfLaTJtB2RplHLQVM70","https://api.spotify.com/v1/tracks/1mohfLaTJtB2RplHLQVM70","https://api.spotify.com/v1/audio-analysis/1mohfLaTJtB2RplHLQVM70",345241,4,"La Jeepeta - Remix"
"193",0.274,0.171,0,-16.847,1,0.0326,0.456,0.0024,0.808,0.407,177.081,"audio_features","2TC4v9YiuQYk3Tk8RH7fV4","spotify:track:2TC4v9YiuQYk3Tk8RH7fV4","https://api.spotify.com/v1/tracks/2TC4v9YiuQYk3Tk8RH7fV4","https://api.spotify.com/v1/audio-analysis/2TC4v9YiuQYk3Tk8RH7fV4",409467,4,"Amor Eterno"
"194",0.729,0.56,1,-4.813,1,0.0296,0.489,0,0.213,0.928,107.984,"audio_features","27PgKTLK5fZovvx4qR43MS","spotify:track:27PgKTLK5fZovvx4qR43MS","https://api.spotify.com/v1/tracks/27PgKTLK5fZovvx4qR43MS","https://api.spotify.com/v1/audio-analysis/27PgKTLK5fZovvx4qR43MS",163067,4,"Creo Estar Sonañdo"
"195",0.719,0.577,5,-5.326,1,0.0909,0.416,0,0.0972,0.861,78.77,"audio_features","53PoPAD389bBE4ePYuT95g","spotify:track:53PoPAD389bBE4ePYuT95g","https://api.spotify.com/v1/tracks/53PoPAD389bBE4ePYuT95g","https://api.spotify.com/v1/audio-analysis/53PoPAD389bBE4ePYuT95g",191995,4,"El Envidioso"
"196",0.741,0.61,6,-7.34,0,0.0511,0.316,0,0.534,0.72,125.99,"audio_features","2pg2TiYo9Rb8KeB5JjP7jS","spotify:track:2pg2TiYo9Rb8KeB5JjP7jS","https://api.spotify.com/v1/tracks/2pg2TiYo9Rb8KeB5JjP7jS","https://api.spotify.com/v1/audio-analysis/2pg2TiYo9Rb8KeB5JjP7jS",276960,4,"Sativa"
"197",0.666,0.817,9,-5.754,0,0.0369,0.237,0,0.266,0.378,94.997,"audio_features","0I0o9LdUckzfXcxjWy1vlo","spotify:track:0I0o9LdUckzfXcxjWy1vlo","https://api.spotify.com/v1/tracks/0I0o9LdUckzfXcxjWy1vlo","https://api.spotify.com/v1/audio-analysis/0I0o9LdUckzfXcxjWy1vlo",242480,4,"Perdóname"
"198",0.734,0.676,10,-0.007,1,0.047,0.314,0,0.0646,0.774,146.181,"audio_features","7j9iuJvGg8Ve2O20CO8Oho","spotify:track:7j9iuJvGg8Ve2O20CO8Oho","https://api.spotify.com/v1/tracks/7j9iuJvGg8Ve2O20CO8Oho","https://api.spotify.com/v1/audio-analysis/7j9iuJvGg8Ve2O20CO8Oho",220587,3,"Dueño de Ti"
"199",0.78,0.759,1,-3.292,1,0.225,0.462,0.000868,0.143,0.579,91.952,"audio_features","7BlBVFwvbWvcwNcUarQmjk","spotify:track:7BlBVFwvbWvcwNcUarQmjk","https://api.spotify.com/v1/tracks/7BlBVFwvbWvcwNcUarQmjk","https://api.spotify.com/v1/audio-analysis/7BlBVFwvbWvcwNcUarQmjk",201040,4,"Yo x Ti, Tu x Mi"
"200",0.531,0.337,8,-7.529,1,0.0933,0.687,0,0.135,0.768,78.14,"audio_features","7ary2rzY8YOGbopc654WeQ","spotify:track:7ary2rzY8YOGbopc654WeQ","https://api.spotify.com/v1/tracks/7ary2rzY8YOGbopc654WeQ","https://api.spotify.com/v1/audio-analysis/7ary2rzY8YOGbopc654WeQ",207125,3,"Si Soy Yo (El Tóxico)"
