danceability,energy,key,loudness,mode,speechiness,acousticness,instrumentalness,liveness,valence,tempo,type,id,uri,track_href,analysis_url,duration_ms,time_signature,track_name
0.385,0.454,3,-7.863,1,0.238,0.236,0.0852,0.483,0.397,102.309,audio_features,6hd1EIB3Cmh4QKQFXfOc7R,spotify:track:6hd1EIB3Cmh4QKQFXfOc7R,https://api.spotify.com/v1/tracks/6hd1EIB3Cmh4QKQFXfOc7R,https://api.spotify.com/v1/audio-analysis/6hd1EIB3Cmh4QKQFXfOc7R,93659,4,Imperial
0.36,0.981,9,-4.14,0,0.0535,6.05e-4,1.25e-4,0.333,0.594,96.616,audio_features,5lWY48F4yYOxKUBN2NXbXL,spotify:track:5lWY48F4yYOxKUBN2NXbXL,https://api.spotify.com/v1/tracks/5lWY48F4yYOxKUBN2NXbXL,https://api.spotify.com/v1/audio-analysis/5lWY48F4yYOxKUBN2NXbXL,175560,4,What If I - 2005 Remaster
0.582,0.945,11,-5.95,0,0.089,1.6e-4,0,0.668,0.389,123.041,audio_features,6LnIBfJxftCiHM2mJ1iUfH,spotify:track:6LnIBfJxftCiHM2mJ1iUfH,https://api.spotify.com/v1/tracks/6LnIBfJxftCiHM2mJ1iUfH,https://api.spotify.com/v1/audio-analysis/6LnIBfJxftCiHM2mJ1iUfH,166893,4,Hate Conquers All
0.654,0.647,9,-5.303,1,0.0273,0.00884,0,0.0256,0.592,142.562,audio_features,0ueJcurwHDlfvV6mqA2xyK,spotify:track:0ueJcurwHDlfvV6mqA2xyK,https://api.spotify.com/v1/tracks/0ueJcurwHDlfvV6mqA2xyK,https://api.spotify.com/v1/audio-analysis/0ueJcurwHDlfvV6mqA2xyK,172211,4,Bad Catholics
0.816,0.31,1,-13.765,1,0.0478,0.494,4.4e-4,0.23,0.638,120.044,audio_features,61o1CPyNnB88nQLfO0qonb,spotify:track:61o1CPyNnB88nQLfO0qonb,https://api.spotify.com/v1/tracks/61o1CPyNnB88nQLfO0qonb,https://api.spotify.com/v1/audio-analysis/61o1CPyNnB88nQLfO0qonb,233325,4,Love & Positivity
0.361,0.923,9,-3.882,0,0.059,6.03e-6,0.106,0.133,0.213,164.112,audio_features,507K48TSBXrFy5NbMJSr5z,spotify:track:507K48TSBXrFy5NbMJSr5z,https://api.spotify.com/v1/tracks/507K48TSBXrFy5NbMJSr5z,https://api.spotify.com/v1/audio-analysis/507K48TSBXrFy5NbMJSr5z,113777,4,The Worst Of Fates
0.409,0.987,9,-2.655,0,0.0677,9.66e-6,0.69,0.296,0.15,75.983,audio_features,0hwlv06sGbJ9CQWIFm4m6j,spotify:track:0hwlv06sGbJ9CQWIFm4m6j,https://api.spotify.com/v1/tracks/0hwlv06sGbJ9CQWIFm4m6j,https://api.spotify.com/v1/audio-analysis/0hwlv06sGbJ9CQWIFm4m6j,167006,4,List & Heel
0.433,0.97,7,-4.306,0,0.13,2.47e-5,0.49,0.265,0.058,103.893,audio_features,19OMArYALUi4NuWDzjSkeb,spotify:track:19OMArYALUi4NuWDzjSkeb,https://api.spotify.com/v1/tracks/19OMArYALUi4NuWDzjSkeb,https://api.spotify.com/v1/audio-analysis/19OMArYALUi4NuWDzjSkeb,241936,4,Atheists In Foxholes
0.378,0.99,3,-3.631,1,0.156,2.1e-5,0.0275,0.334,0.07,166.747,audio_features,7f418y10XGhoX7ViQPe6Pc,spotify:track:7f418y10XGhoX7ViQPe6Pc,https://api.spotify.com/v1/tracks/7f418y10XGhoX7ViQPe6Pc,https://api.spotify.com/v1/audio-analysis/7f418y10XGhoX7ViQPe6Pc,173924,4,Mothers' Sons
0.529,0.908,5,-4.791,1,0.0371,3.95e-5,0.758,0.121,0.0614,128.029,audio_features,78EOO4leRacmkHCSocFSyC,spotify:track:78EOO4leRacmkHCSocFSyC,https://api.spotify.com/v1/tracks/78EOO4leRacmkHCSocFSyC,https://api.spotify.com/v1/audio-analysis/78EOO4leRacmkHCSocFSyC,276932,4,Desperate
0.438,0.985,2,-3.283,0,0.116,1.51e-6,0.652,0.89,0.242,155.018,audio_features,6YIdbOLdd8WYufnzSTNV6J,spotify:track:6YIdbOLdd8WYufnzSTNV6J,https://api.spotify.com/v1/tracks/6YIdbOLdd8WYufnzSTNV6J,https://api.spotify.com/v1/audio-analysis/6YIdbOLdd8WYufnzSTNV6J,134354,4,All Roads
0.481,0.978,2,-3.68,1,0.0763,1.21e-5,0.482,0.317,0.185,131.961,audio_features,3WgmJ1bFqMKIMiDjEzG9qC,spotify:track:3WgmJ1bFqMKIMiDjEzG9qC,https://api.spotify.com/v1/tracks/3WgmJ1bFqMKIMiDjEzG9qC,https://api.spotify.com/v1/audio-analysis/3WgmJ1bFqMKIMiDjEzG9qC,202661,4,Stale Smoke
0.307,0.996,5,-2.374,1,0.0932,2.15e-6,0.164,0.207,0.143,121.845,audio_features,09ElQczExyq3MJLfZf2Yor,spotify:track:09ElQczExyq3MJLfZf2Yor,https://api.spotify.com/v1/tracks/09ElQczExyq3MJLfZf2Yor,https://api.spotify.com/v1/audio-analysis/09ElQczExyq3MJLfZf2Yor,141151,4,Dealer / Debtor
0.274,0.974,10,-3.513,1,0.134,1.09e-5,0.695,0.146,0.0478,75.919,audio_features,3gMtfQYXLiPVE5ERyPw4UH,spotify:track:3gMtfQYXLiPVE5ERyPw4UH,https://api.spotify.com/v1/tracks/3gMtfQYXLiPVE5ERyPw4UH,https://api.spotify.com/v1/audio-analysis/3gMtfQYXLiPVE5ERyPw4UH,223815,4,No Guilt
0.449,0.979,2,-5.211,0,0.232,4.64e-5,0.319,0.339,0.0393,121.933,audio_features,7yys7z6l3DT0zOrbJmWvfD,spotify:track:7yys7z6l3DT0zOrbJmWvfD,https://api.spotify.com/v1/tracks/7yys7z6l3DT0zOrbJmWvfD,https://api.spotify.com/v1/audio-analysis/7yys7z6l3DT0zOrbJmWvfD,133763,4,Hourglass
0.255,0.988,7,-3.509,0,0.114,5.36e-5,0.674,0.101,0.0756,170.92,audio_features,1cHTDmiFUpkfE7GZUnTDmM,spotify:track:1cHTDmiFUpkfE7GZUnTDmM,https://api.spotify.com/v1/tracks/1cHTDmiFUpkfE7GZUnTDmM,https://api.spotify.com/v1/audio-analysis/1cHTDmiFUpkfE7GZUnTDmM,286281,4,No Man Born Evil
0.236,0.978,4,-6.112,1,0.347,0.00254,1.21e-4,0.824,0.207,183.808,audio_features,1xwyGodEtkwMFhuwyRkyoK,spotify:track:1xwyGodEtkwMFhuwyRkyoK,https://api.spotify.com/v1/tracks/1xwyGodEtkwMFhuwyRkyoK,https://api.spotify.com/v1/audio-analysis/1xwyGodEtkwMFhuwyRkyoK,155360,4,Pocket Sand
0.32,0.889,1,-7.164,1,0.115,0.00658,0.0012,0.518,0.591,185.137,audio_features,57GYDxOy0YoVV532iX5LK4,spotify:track:57GYDxOy0YoVV532iX5LK4,https://api.spotify.com/v1/tracks/57GYDxOy0YoVV532iX5LK4,https://api.spotify.com/v1/audio-analysis/57GYDxOy0YoVV532iX5LK4,141733,4,Mercury in Retrograde
0.391,0.954,3,-5.548,1,0.0885,7.77e-4,0,0.141,0.45,189.955,audio_features,0syouD4Kpts885h93A03Mo,spotify:track:0syouD4Kpts885h93A03Mo,https://api.spotify.com/v1/tracks/0syouD4Kpts885h93A03Mo,https://api.spotify.com/v1/audio-analysis/0syouD4Kpts885h93A03Mo,139776,4,Modern Stigmata
0.353,0.938,11,-7.172,1,0.141,0.00896,0.00348,0.121,0.358,180.17,audio_features,5yQb87zH7lTtZ85hX0jvDO,spotify:track:5yQb87zH7lTtZ85hX0jvDO,https://api.spotify.com/v1/tracks/5yQb87zH7lTtZ85hX0jvDO,https://api.spotify.com/v1/audio-analysis/5yQb87zH7lTtZ85hX0jvDO,177691,4,Take a Walk on the Mild Side
0.402,0.95,11,-6.059,1,0.224,7.4e-4,9.05e-6,0.292,0.547,175.001,audio_features,2wiMu3GKxe5kbM6ikvEGe3,spotify:track:2wiMu3GKxe5kbM6ikvEGe3,https://api.spotify.com/v1/tracks/2wiMu3GKxe5kbM6ikvEGe3,https://api.spotify.com/v1/audio-analysis/2wiMu3GKxe5kbM6ikvEGe3,161792,4,Jagweed
0.372,0.955,3,-7.049,1,0.239,0.00483,1.28e-4,0.108,0.211,129.778,audio_features,2FErV6zZcsmGYCfkQgALiW,spotify:track:2FErV6zZcsmGYCfkQgALiW,https://api.spotify.com/v1/tracks/2FErV6zZcsmGYCfkQgALiW,https://api.spotify.com/v1/audio-analysis/2FErV6zZcsmGYCfkQgALiW,217609,5,Self Amusing Smile
0.493,0.985,8,-6.629,1,0.169,0.00336,0.0942,0.44,0.432,179.965,audio_features,4B0KDrhzbWIg5u4bBChgRf,spotify:track:4B0KDrhzbWIg5u4bBChgRf,https://api.spotify.com/v1/tracks/4B0KDrhzbWIg5u4bBChgRf,https://api.spotify.com/v1/audio-analysis/4B0KDrhzbWIg5u4bBChgRf,87647,4,Lancaster
0.397,0.88,8,-7.162,1,0.0744,0.00435,0,0.453,0.827,184.702,audio_features,6jIU0o4oto7GK6Sw809dKI,spotify:track:6jIU0o4oto7GK6Sw809dKI,https://api.spotify.com/v1/tracks/6jIU0o4oto7GK6Sw809dKI,https://api.spotify.com/v1/audio-analysis/6jIU0o4oto7GK6Sw809dKI,124988,4,A Bastard's Hope
0.387,0.971,8,-5.482,1,0.169,4.4e-4,1.22e-5,0.478,0.367,185.046,audio_features,4Il9QKgLgB4Y2CM8GiNSJA,spotify:track:4Il9QKgLgB4Y2CM8GiNSJA,https://api.spotify.com/v1/tracks/4Il9QKgLgB4Y2CM8GiNSJA,https://api.spotify.com/v1/audio-analysis/4Il9QKgLgB4Y2CM8GiNSJA,167390,4,Tired About It
0.191,0.964,3,-5.772,1,0.095,1.31e-4,2.53e-6,0.194,0.495,185.071,audio_features,31sKvMBBXrz3z9VHPze1Cr,spotify:track:31sKvMBBXrz3z9VHPze1Cr,https://api.spotify.com/v1/tracks/31sKvMBBXrz3z9VHPze1Cr,https://api.spotify.com/v1/audio-analysis/31sKvMBBXrz3z9VHPze1Cr,199819,4,Gin + Mio
0.36,0.962,1,-6.093,0,0.0772,8.39e-5,0.0932,0.064,0.426,105.746,audio_features,2vas0jq2W6ABci3BjU0BQe,spotify:track:2vas0jq2W6ABci3BjU0BQe,https://api.spotify.com/v1/tracks/2vas0jq2W6ABci3BjU0BQe,https://api.spotify.com/v1/audio-analysis/2vas0jq2W6ABci3BjU0BQe,259360,4,"Hey, What Time is ""Pensacola: Wings of Gold"" On Anyway?"
0.471,0.994,7,-1.999,0,0.186,8.15e-6,0,0.125,0.151,125.051,audio_features,43WJKLBFnLRd8Y1MJDpJLI,spotify:track:43WJKLBFnLRd8Y1MJDpJLI,https://api.spotify.com/v1/tracks/43WJKLBFnLRd8Y1MJDpJLI,https://api.spotify.com/v1/audio-analysis/43WJKLBFnLRd8Y1MJDpJLI,102320,4,I Believe You
0.517,0.363,5,-8.978,1,0.0302,0.784,1.96e-4,0.0958,0.661,168.15,audio_features,6HTFY66ZttBULqR1108Zmy,spotify:track:6HTFY66ZttBULqR1108Zmy,https://api.spotify.com/v1/tracks/6HTFY66ZttBULqR1108Zmy,https://api.spotify.com/v1/audio-analysis/6HTFY66ZttBULqR1108Zmy,182267,3,Me And You
0.285,0.906,5,-9.089,0,0.532,0.112,0,0.499,0.194,170.583,audio_features,2lL43o8HcfcR9dlqhIqXV9,spotify:track:2lL43o8HcfcR9dlqhIqXV9,https://api.spotify.com/v1/tracks/2lL43o8HcfcR9dlqhIqXV9,https://api.spotify.com/v1/audio-analysis/2lL43o8HcfcR9dlqhIqXV9,58200,3,Intro
0.278,0.759,2,-6.397,1,0.323,0.0171,0,0.882,0.65,176.445,audio_features,5YytMOFyaKyMtVz61o7wS7,spotify:track:5YytMOFyaKyMtVz61o7wS7,https://api.spotify.com/v1/tracks/5YytMOFyaKyMtVz61o7wS7,https://api.spotify.com/v1/audio-analysis/5YytMOFyaKyMtVz61o7wS7,167587,4,Step Up (feat. Dej Loaf & Sha Sha)
0.651,0.774,7,-6.258,1,0.3,0.223,0,0.526,0.468,87.104,audio_features,3UY1oaEBh4sDWmT7IwEoWG,spotify:track:3UY1oaEBh4sDWmT7IwEoWG,https://api.spotify.com/v1/tracks/3UY1oaEBh4sDWmT7IwEoWG,https://api.spotify.com/v1/audio-analysis/3UY1oaEBh4sDWmT7IwEoWG,352973,4,Dollar And A Dream (feat. AB Soul)
0.703,0.54,9,-7.336,1,0.198,0.202,0,0.183,0.296,119.988,audio_features,4HLElWheO0EfBtWQFkeOcG,spotify:track:4HLElWheO0EfBtWQFkeOcG,https://api.spotify.com/v1/tracks/4HLElWheO0EfBtWQFkeOcG,https://api.spotify.com/v1/audio-analysis/4HLElWheO0EfBtWQFkeOcG,345960,4,Dedicated
0.669,0.664,5,-9.37,0,0.207,0.098,0,0.138,0.588,93.003,audio_features,1wXXNo9hnf4ucJQAU9uvLg,spotify:track:1wXXNo9hnf4ucJQAU9uvLg,https://api.spotify.com/v1/tracks/1wXXNo9hnf4ucJQAU9uvLg,https://api.spotify.com/v1/audio-analysis/1wXXNo9hnf4ucJQAU9uvLg,185827,4,Bitch You Ain't Shit
0.521,0.572,0,-8.703,1,0.0673,0.0562,0,0.243,0.354,79.562,audio_features,48du5O3ZIlYJ1sJb73ynO8,spotify:track:48du5O3ZIlYJ1sJb73ynO8,https://api.spotify.com/v1/tracks/48du5O3ZIlYJ1sJb73ynO8,https://api.spotify.com/v1/audio-analysis/48du5O3ZIlYJ1sJb73ynO8,223520,4,Summertime (feat. Jelly Roll)
0.75,0.568,10,-8.199,0,0.361,0.252,0,0.577,0.346,99.173,audio_features,2FvpskTQMlonzaEcZIV9m2,spotify:track:2FvpskTQMlonzaEcZIV9m2,https://api.spotify.com/v1/tracks/2FvpskTQMlonzaEcZIV9m2,https://api.spotify.com/v1/audio-analysis/2FvpskTQMlonzaEcZIV9m2,235227,4,Mula (feat. Kanye West)
0.467,0.802,7,-7.093,1,0.309,0.2,0,0.346,0.693,92.987,audio_features,14tdvu8MWvKHDKsrYPjRUz,spotify:track:14tdvu8MWvKHDKsrYPjRUz,https://api.spotify.com/v1/tracks/14tdvu8MWvKHDKsrYPjRUz,https://api.spotify.com/v1/audio-analysis/14tdvu8MWvKHDKsrYPjRUz,278547,4,The Documentary 2
0.451,0.49,2,-10.02,0,0.293,0.303,0,0.154,0.0917,174.466,audio_features,4IU3A6BaSPS76EJY1USePJ,spotify:track:4IU3A6BaSPS76EJY1USePJ,https://api.spotify.com/v1/tracks/4IU3A6BaSPS76EJY1USePJ,https://api.spotify.com/v1/audio-analysis/4IU3A6BaSPS76EJY1USePJ,230867,4,Just Another Day
0.391,0.742,1,-8.762,0,0.396,0.109,0,0.112,0.653,79.734,audio_features,6LvpwZwuZPpotEdVLAGEhW,spotify:track:6LvpwZwuZPpotEdVLAGEhW,https://api.spotify.com/v1/tracks/6LvpwZwuZPpotEdVLAGEhW,https://api.spotify.com/v1/audio-analysis/6LvpwZwuZPpotEdVLAGEhW,327067,4,"LA (feat. Snoop Dogg, will.i.am & Fergie)"
0.526,0.638,1,-10.624,1,0.545,0.466,0,0.279,0.548,128.966,audio_features,1mXCDply28mbOKZT6mzWfu,spotify:track:1mXCDply28mbOKZT6mzWfu,https://api.spotify.com/v1/tracks/1mXCDply28mbOKZT6mzWfu,https://api.spotify.com/v1/audio-analysis/1mXCDply28mbOKZT6mzWfu,154013,5,New York Skit
0.396,0.634,8,-8.444,0,0.362,0.761,0,0.187,0.662,78.017,audio_features,5CPQK4ck9dTOTlOpa4I7Q4,spotify:track:5CPQK4ck9dTOTlOpa4I7Q4,https://api.spotify.com/v1/tracks/5CPQK4ck9dTOTlOpa4I7Q4,https://api.spotify.com/v1/audio-analysis/5CPQK4ck9dTOTlOpa4I7Q4,329027,4,Magnus Carlsen (feat. Anderson .Paak)
0.685,0.741,9,-4.623,0,0.323,0.282,0,0.322,0.522,80.826,audio_features,1tcx5cpqdcwjy5Oo8rshs5,spotify:track:1tcx5cpqdcwjy5Oo8rshs5,https://api.spotify.com/v1/tracks/1tcx5cpqdcwjy5Oo8rshs5,https://api.spotify.com/v1/audio-analysis/1tcx5cpqdcwjy5Oo8rshs5,225733,4,From Adam (feat. Lil Wayne)
0.606,0.803,1,-6.257,1,0.32,0.0675,0,0.144,0.726,149.927,audio_features,4Iz3JhAC7zaHImhBrgRhz3,spotify:track:4Iz3JhAC7zaHImhBrgRhz3,https://api.spotify.com/v1/tracks/4Iz3JhAC7zaHImhBrgRhz3,https://api.spotify.com/v1/audio-analysis/4Iz3JhAC7zaHImhBrgRhz3,184813,4,Intoxicated (feat. Deion)
0.781,0.661,7,-7.502,0,0.331,0.103,0,0.141,0.394,99.992,audio_features,6DbZh34UeNay5YN77pGAfN,spotify:track:6DbZh34UeNay5YN77pGAfN,https://api.spotify.com/v1/tracks/6DbZh34UeNay5YN77pGAfN,https://api.spotify.com/v1/audio-analysis/6DbZh34UeNay5YN77pGAfN,240680,4,"Outside (feat. E-40, Mvrcus Blvck & Lil E)"
0.755,0.595,11,-6.421,1,0.34,0.0685,0,0.147,0.509,101.987,audio_features,0lUU0YSsYOdJXFyfQNwdH4,spotify:track:0lUU0YSsYOdJXFyfQNwdH4,https://api.spotify.com/v1/tracks/0lUU0YSsYOdJXFyfQNwdH4,https://api.spotify.com/v1/audio-analysis/0lUU0YSsYOdJXFyfQNwdH4,305440,4,"Up On The Wall (feat. Problem, Ty Dolla $ign & YG)"
0.508,0.674,0,-10.736,1,0.646,0.373,0,0.394,0.664,99.146,audio_features,3FiO6OhOVmkUIwjO2F0rur,spotify:track:3FiO6OhOVmkUIwjO2F0rur,https://api.spotify.com/v1/tracks/3FiO6OhOVmkUIwjO2F0rur,https://api.spotify.com/v1/audio-analysis/3FiO6OhOVmkUIwjO2F0rur,171960,4,Sex Skit
0.548,0.637,0,-7.897,1,0.516,0.116,0,0.652,0.349,98.566,audio_features,26Ih9HQZJ5mQUZmm89rMZb,spotify:track:26Ih9HQZJ5mQUZmm89rMZb,https://api.spotify.com/v1/tracks/26Ih9HQZJ5mQUZmm89rMZb,https://api.spotify.com/v1/audio-analysis/26Ih9HQZJ5mQUZmm89rMZb,397067,4,"My Flag/Da Homies (feat. Ty Dolla $ign, Jay 305, AD, Mitch E-Slick, Joe Moses, RJ & Skeme)"
0.484,0.773,6,-6.784,1,0.494,0.0604,0,0.217,0.523,171.742,audio_features,1gHDEjWAPxR5OjoVpvWb4F,spotify:track:1gHDEjWAPxR5OjoVpvWb4F,https://api.spotify.com/v1/tracks/1gHDEjWAPxR5OjoVpvWb4F,https://api.spotify.com/v1/audio-analysis/1gHDEjWAPxR5OjoVpvWb4F,178467,4,Life
0.522,0.309,1,-16.012,1,0.312,0.909,0,0.0939,0.83,178.321,audio_features,4fKhL8wjBWu80F7W8fpJAF,spotify:track:4fKhL8wjBWu80F7W8fpJAF,https://api.spotify.com/v1/tracks/4fKhL8wjBWu80F7W8fpJAF,https://api.spotify.com/v1/audio-analysis/4fKhL8wjBWu80F7W8fpJAF,191227,4,Ride Solo
0.754,0.909,6,-3.323,0,0.23,0.138,0,0.281,0.591,126.994,audio_features,1bW6HUcNcEP9LCuq694yeE,spotify:track:1bW6HUcNcEP9LCuq694yeE,https://api.spotify.com/v1/tracks/1bW6HUcNcEP9LCuq694yeE,https://api.spotify.com/v1/audio-analysis/1bW6HUcNcEP9LCuq694yeE,220079,4,The Game & Skrillex: El Chapo
0.812,0.626,7,-7.504,1,0.366,0.169,0,0.534,0.505,100.968,audio_features,4EUz9Z4c75yFjWri4Xs6Ao,spotify:track:4EUz9Z4c75yFjWri4Xs6Ao,https://api.spotify.com/v1/tracks/4EUz9Z4c75yFjWri4Xs6Ao,https://api.spotify.com/v1/audio-analysis/4EUz9Z4c75yFjWri4Xs6Ao,299640,4,"Don't Trip (feat. Ice Cube, Dr. Dre & will.i.am)"
0.669,0.764,0,-6.618,1,0.437,0.202,0,0.421,0.766,111.805,audio_features,7esm6MuqZZouZEeurpJrnc,spotify:track:7esm6MuqZZouZEeurpJrnc,https://api.spotify.com/v1/tracks/7esm6MuqZZouZEeurpJrnc,https://api.spotify.com/v1/audio-analysis/7esm6MuqZZouZEeurpJrnc,251587,5,Standing On Ferraris (feat. Diddy)
0.535,0.542,4,-8.343,0,0.355,0.123,0,0.293,0.508,83.329,audio_features,4MFERCC9bsRtjB708k2992,spotify:track:4MFERCC9bsRtjB708k2992,https://api.spotify.com/v1/tracks/4MFERCC9bsRtjB708k2992,https://api.spotify.com/v1/audio-analysis/4MFERCC9bsRtjB708k2992,194387,4,Made In America (feat. Mvrcus Blvck)
0.56,0.55,2,-7.831,1,0.315,0.198,0,0.215,0.154,86.362,audio_features,3f8fgiq7LuCHdZhGYak99o,spotify:track:3f8fgiq7LuCHdZhGYak99o,https://api.spotify.com/v1/tracks/3f8fgiq7LuCHdZhGYak99o,https://api.spotify.com/v1/audio-analysis/3f8fgiq7LuCHdZhGYak99o,179920,4,Hashtag (feat. Jelly Roll)
0.463,0.633,5,-7.566,0,0.309,0.114,0,0.711,0.215,167.918,audio_features,1f0OFBM0dVYcchj9kIvTI0,spotify:track:1f0OFBM0dVYcchj9kIvTI0,https://api.spotify.com/v1/tracks/1f0OFBM0dVYcchj9kIvTI0,https://api.spotify.com/v1/audio-analysis/1f0OFBM0dVYcchj9kIvTI0,251600,4,"Circles (feat. Q-Tip, Eric Bellinger & Sha Sha)"
0.431,0.926,9,-5.795,1,0.302,0.246,0,0.521,0.454,102.33,audio_features,68f5QOWj9lq7llMITTa7bd,spotify:track:68f5QOWj9lq7llMITTa7bd,https://api.spotify.com/v1/tracks/68f5QOWj9lq7llMITTa7bd,https://api.spotify.com/v1/audio-analysis/68f5QOWj9lq7llMITTa7bd,124213,4,Uncle Skit
0.484,0.46,3,-10.12,0,0.608,0.169,0,0.128,0.515,159.551,audio_features,1yMQslaMsOoei14TfGwkk2,spotify:track:1yMQslaMsOoei14TfGwkk2,https://api.spotify.com/v1/tracks/1yMQslaMsOoei14TfGwkk2,https://api.spotify.com/v1/audio-analysis/1yMQslaMsOoei14TfGwkk2,141267,4,"New York, New York"
0.801,0.521,4,-9.871,0,0.28,0.0136,0,0.179,0.412,108.025,audio_features,6FyDii5Aec6cNcjLzvS37z,spotify:track:6FyDii5Aec6cNcjLzvS37z,https://api.spotify.com/v1/tracks/6FyDii5Aec6cNcjLzvS37z,https://api.spotify.com/v1/audio-analysis/6FyDii5Aec6cNcjLzvS37z,334360,4,100 (feat. Drake)
0.495,0.952,10,-4.818,0,0.368,0.067,0,0.287,0.551,84.438,audio_features,1NGjDByrngiuW5maj9dB7H,spotify:track:1NGjDByrngiuW5maj9dB7H,https://api.spotify.com/v1/tracks/1NGjDByrngiuW5maj9dB7H,https://api.spotify.com/v1/audio-analysis/1NGjDByrngiuW5maj9dB7H,275947,4,Crenshaw/80s and Cocaine (feat. Anderson .Paak & Sonyae)
0.46,0.723,1,-7.823,1,0.766,0.232,0,0.554,0.542,85.914,audio_features,0vOKTfmSiwvmkOboiuHWXy,spotify:track:0vOKTfmSiwvmkOboiuHWXy,https://api.spotify.com/v1/tracks/0vOKTfmSiwvmkOboiuHWXy,https://api.spotify.com/v1/audio-analysis/0vOKTfmSiwvmkOboiuHWXy,305467,4,Gang Bang Anyway (feat. Jay Rock & ScHoolboy Q)
0.656,0.615,8,-8.553,0,0.397,0.181,0,0.816,0.43,90.378,audio_features,48wJTaJABmEjkkQ0H7s0ZO,spotify:track:48wJTaJABmEjkkQ0H7s0ZO,https://api.spotify.com/v1/tracks/48wJTaJABmEjkkQ0H7s0ZO,https://api.spotify.com/v1/audio-analysis/48wJTaJABmEjkkQ0H7s0ZO,361440,4,The Ghetto (feat. Nas & will.i.am)
0.48,0.531,8,-9.007,1,0.466,0.635,0,0.454,0.572,81.627,audio_features,1WqQW7bL03Ewn6tzKsHZAs,spotify:track:1WqQW7bL03Ewn6tzKsHZAs,https://api.spotify.com/v1/tracks/1WqQW7bL03Ewn6tzKsHZAs,https://api.spotify.com/v1/audio-analysis/1WqQW7bL03Ewn6tzKsHZAs,249667,4,Gang Related (feat. Asia)
0.478,0.701,8,-7.456,1,0.424,0.186,0,0.192,0.3,148.655,audio_features,4rPW5ONH32l5rD8YGqZDZa,spotify:track:4rPW5ONH32l5rD8YGqZDZa,https://api.spotify.com/v1/tracks/4rPW5ONH32l5rD8YGqZDZa,https://api.spotify.com/v1/audio-analysis/4rPW5ONH32l5rD8YGqZDZa,230600,4,Last Time You Seen (feat. Scarface & Stacy Barthe)
0.799,0.707,2,-4.716,0,0.267,0.312,0,0.109,0.661,104.903,audio_features,342Bs4dA6c8S7toXbv5Sn3,spotify:track:342Bs4dA6c8S7toXbv5Sn3,https://api.spotify.com/v1/tracks/342Bs4dA6c8S7toXbv5Sn3,https://api.spotify.com/v1/audio-analysis/342Bs4dA6c8S7toXbv5Sn3,341733,4,"Quiks Groove (The One) [feat. DJ Quik, Sevyn Streeter & Micah]"
0.467,0.791,11,-5.349,0,0.354,0.0277,0,0.292,0.237,135.902,audio_features,09hGwzZaaPkKpz1CmkCKGi,spotify:track:09hGwzZaaPkKpz1CmkCKGi,https://api.spotify.com/v1/tracks/09hGwzZaaPkKpz1CmkCKGi,https://api.spotify.com/v1/audio-analysis/09hGwzZaaPkKpz1CmkCKGi,202880,4,"Moment Of Violence (feat. King Mez, JT & Jon Conner)"
0.555,0.675,11,-6.315,0,0.318,0.408,0,0.135,0.38,77.072,audio_features,47vGcHql5Jb45uK2NawcSu,spotify:track:47vGcHql5Jb45uK2NawcSu,https://api.spotify.com/v1/tracks/47vGcHql5Jb45uK2NawcSu,https://api.spotify.com/v1/audio-analysis/47vGcHql5Jb45uK2NawcSu,284240,4,Like Father Like Son 2 (feat. Busta Rhymes)
0.661,0.589,7,-8.723,1,0.284,0.0674,0,0.119,0.502,126.024,audio_features,5ddOApxVKftvLtOXL2DBZb,spotify:track:5ddOApxVKftvLtOXL2DBZb,https://api.spotify.com/v1/tracks/5ddOApxVKftvLtOXL2DBZb,https://api.spotify.com/v1/audio-analysis/5ddOApxVKftvLtOXL2DBZb,173947,5,Do It To You (feat. Trey Songz)
0.555,0.899,9,-4.69,0,0.581,0.0507,0,0.152,0.303,78.028,audio_features,4wmAlyI4y7TV5emnwX2ieD,spotify:track:4wmAlyI4y7TV5emnwX2ieD,https://api.spotify.com/v1/tracks/4wmAlyI4y7TV5emnwX2ieD,https://api.spotify.com/v1/audio-analysis/4wmAlyI4y7TV5emnwX2ieD,323293,4,The Soundtrack (feat. Meek Mill)
0.555,0.839,5,-3.583,1,0.0483,1.14e-4,0.0574,0.102,0.637,124.877,audio_features,3c3XnCPwxGhQEHFxxjQcWe,spotify:track:3c3XnCPwxGhQEHFxxjQcWe,https://api.spotify.com/v1/tracks/3c3XnCPwxGhQEHFxxjQcWe,https://api.spotify.com/v1/audio-analysis/3c3XnCPwxGhQEHFxxjQcWe,254200,4,Thrash Unreal
0.371,0.921,9,-5.533,1,0.0784,0.0113,2.7e-5,0.43,0.508,109.675,audio_features,6PtIXICwmoxCgLjw2zApDs,spotify:track:6PtIXICwmoxCgLjw2zApDs,https://api.spotify.com/v1/tracks/6PtIXICwmoxCgLjw2zApDs,https://api.spotify.com/v1/audio-analysis/6PtIXICwmoxCgLjw2zApDs,220538,4,"Young Lady, You're Scaring Me"
0.531,0.82,6,-5.754,0,0.0602,0.00459,5.6e-4,0.0992,0.697,141.158,audio_features,4ig4c7Ap0wM5ZWaNcOr7w1,spotify:track:4ig4c7Ap0wM5ZWaNcOr7w1,https://api.spotify.com/v1/tracks/4ig4c7Ap0wM5ZWaNcOr7w1,https://api.spotify.com/v1/audio-analysis/4ig4c7Ap0wM5ZWaNcOr7w1,174130,4,Put the Kids to Bed
0.41,0.823,9,-6.237,1,0.0655,0.0554,2.15e-4,0.154,0.284,90.471,audio_features,5FZtl28q6FXkuDeAWxHzjx,spotify:track:5FZtl28q6FXkuDeAWxHzjx,https://api.spotify.com/v1/tracks/5FZtl28q6FXkuDeAWxHzjx,https://api.spotify.com/v1/audio-analysis/5FZtl28q6FXkuDeAWxHzjx,153717,4,Kill the Medicine Man
0.513,0.856,0,-5.982,1,0.0519,8.05e-4,9.76e-4,0.183,0.572,104.987,audio_features,0FnjxUdWM8PYnVA6Ldjfd3,spotify:track:0FnjxUdWM8PYnVA6Ldjfd3,https://api.spotify.com/v1/tracks/0FnjxUdWM8PYnVA6Ldjfd3,https://api.spotify.com/v1/audio-analysis/0FnjxUdWM8PYnVA6Ldjfd3,176099,4,Poor Traits of the Artist
0.331,0.832,9,-6.361,1,0.0758,0.00692,0,0.074,0.18,84.546,audio_features,06ROBYEV70Ry09m1QWffm4,spotify:track:06ROBYEV70Ry09m1QWffm4,https://api.spotify.com/v1/tracks/06ROBYEV70Ry09m1QWffm4,https://api.spotify.com/v1/audio-analysis/06ROBYEV70Ry09m1QWffm4,196212,4,Why Do You Have Kids?
0.415,0.844,0,-4.442,1,0.0661,3.28e-5,0,0.0607,0.794,100.441,audio_features,4kMDtiUf4xrnw1dIC7be6d,spotify:track:4kMDtiUf4xrnw1dIC7be6d,https://api.spotify.com/v1/tracks/4kMDtiUf4xrnw1dIC7be6d,https://api.spotify.com/v1/audio-analysis/4kMDtiUf4xrnw1dIC7be6d,83314,4,Please Yourself
0.332,0.623,7,-8.008,1,0.0368,0.0406,0.103,0.0912,0.209,140.026,audio_features,7jMQwK4ITimJ8x4s9SthsY,spotify:track:7jMQwK4ITimJ8x4s9SthsY,https://api.spotify.com/v1/tracks/7jMQwK4ITimJ8x4s9SthsY,https://api.spotify.com/v1/audio-analysis/7jMQwK4ITimJ8x4s9SthsY,349347,4,Black Market Eyes
0.282,0.564,11,-7.602,0,0.0372,0.00212,0.00156,0.11,0.221,148.951,audio_features,2e2c7oB0nnrKrZHQWQS2BX,spotify:track:2e2c7oB0nnrKrZHQWQS2BX,https://api.spotify.com/v1/tracks/2e2c7oB0nnrKrZHQWQS2BX,https://api.spotify.com/v1/audio-analysis/2e2c7oB0nnrKrZHQWQS2BX,227235,4,Can’t Stand You
0.405,0.464,0,-8.866,1,0.0313,0.165,0.534,0.0851,0.168,116.224,audio_features,6v88aH2wZwr77olLRqjWDz,spotify:track:6v88aH2wZwr77olLRqjWDz,https://api.spotify.com/v1/tracks/6v88aH2wZwr77olLRqjWDz,https://api.spotify.com/v1/audio-analysis/6v88aH2wZwr77olLRqjWDz,226901,3,Started a War
0.376,0.859,4,-5.724,0,0.0644,0.0125,0.00905,0.329,0.155,100.952,audio_features,28fvQG30nCqAv7bvMIjXgd,spotify:track:28fvQG30nCqAv7bvMIjXgd,https://api.spotify.com/v1/tracks/28fvQG30nCqAv7bvMIjXgd,https://api.spotify.com/v1/audio-analysis/28fvQG30nCqAv7bvMIjXgd,318460,4,Don’t Mind the Lion
0.495,0.411,7,-8.88,1,0.0253,0.652,1.94e-6,0.0915,0.117,79.995,audio_features,4nqL96hVGkjak3tx2li5wh,spotify:track:4nqL96hVGkjak3tx2li5wh,https://api.spotify.com/v1/tracks/4nqL96hVGkjak3tx2li5wh,https://api.spotify.com/v1/audio-analysis/4nqL96hVGkjak3tx2li5wh,236402,4,All the Punks are Domesticated
0.309,0.9,2,-6.582,1,0.0579,5.23e-5,0.0179,0.124,0.105,89.365,audio_features,040waXARxmijuqMkiJcAqi,spotify:track:040waXARxmijuqMkiJcAqi,https://api.spotify.com/v1/tracks/040waXARxmijuqMkiJcAqi,https://api.spotify.com/v1/audio-analysis/040waXARxmijuqMkiJcAqi,228053,4,Mammals
0.352,0.862,2,-6.251,1,0.0374,2.42e-5,3.39e-4,0.121,0.61,157.424,audio_features,1Xw4O0rJR4vDCfJNSycn9i,spotify:track:1Xw4O0rJR4vDCfJNSycn9i,https://api.spotify.com/v1/tracks/1Xw4O0rJR4vDCfJNSycn9i,https://api.spotify.com/v1/audio-analysis/1Xw4O0rJR4vDCfJNSycn9i,205307,4,Hang My Head
0.454,0.888,2,-5.038,1,0.0982,3.43e-5,8.95e-4,0.28,0.578,110.923,audio_features,7BFJ9oQFcOpZur72ZNLN5f,spotify:track:7BFJ9oQFcOpZur72ZNLN5f,https://api.spotify.com/v1/tracks/7BFJ9oQFcOpZur72ZNLN5f,https://api.spotify.com/v1/audio-analysis/7BFJ9oQFcOpZur72ZNLN5f,148987,4,Nicotine Lips
0.166,0.799,2,-5.903,1,0.0662,5.24e-5,0.00248,0.125,0.409,158.636,audio_features,2PjSJX02cdBOjgrom9pr3j,spotify:track:2PjSJX02cdBOjgrom9pr3j,https://api.spotify.com/v1/tracks/2PjSJX02cdBOjgrom9pr3j,https://api.spotify.com/v1/audio-analysis/2PjSJX02cdBOjgrom9pr3j,216405,4,Indoors
0.442,0.561,9,-6.69,1,0.032,3.15e-4,0.224,0.0926,0.207,77.146,audio_features,6wpMBtMiJ7MYALY5H4dOlU,spotify:track:6wpMBtMiJ7MYALY5H4dOlU,https://api.spotify.com/v1/tracks/6wpMBtMiJ7MYALY5H4dOlU,https://api.spotify.com/v1/audio-analysis/6wpMBtMiJ7MYALY5H4dOlU,230173,4,Unconditional Love
0.371,0.751,7,-6.842,1,0.0321,3.11e-5,0.0146,0.0931,0.218,122.459,audio_features,64ARgSElj4yxQYQ13HhocM,spotify:track:64ARgSElj4yxQYQ13HhocM,https://api.spotify.com/v1/tracks/64ARgSElj4yxQYQ13HhocM,https://api.spotify.com/v1/audio-analysis/64ARgSElj4yxQYQ13HhocM,235733,4,Burn Out Again
0.349,0.943,7,-4.199,1,0.0733,3.31e-5,0.0485,0.146,0.252,146,audio_features,0l3iLM5Zhi0KBMHLnXs0fB,spotify:track:0l3iLM5Zhi0KBMHLnXs0fB,https://api.spotify.com/v1/tracks/0l3iLM5Zhi0KBMHLnXs0fB,https://api.spotify.com/v1/audio-analysis/0l3iLM5Zhi0KBMHLnXs0fB,145227,4,Infinite Wisdom
0.358,0.844,8,-4.83,1,0.0512,5.43e-4,4.6e-4,0.103,0.577,145.866,audio_features,2LlNII8kQQOPtsDmRXcOLR,spotify:track:2LlNII8kQQOPtsDmRXcOLR,https://api.spotify.com/v1/tracks/2LlNII8kQQOPtsDmRXcOLR,https://api.spotify.com/v1/audio-analysis/2LlNII8kQQOPtsDmRXcOLR,211573,4,Sympathy Vote
0.286,0.961,2,-4.613,1,0.089,1.72e-5,0.043,0.244,0.254,153.859,audio_features,5fn0RC8PlKojxABOAIEWcb,spotify:track:5fn0RC8PlKojxABOAIEWcb,https://api.spotify.com/v1/tracks/5fn0RC8PlKojxABOAIEWcb,https://api.spotify.com/v1/audio-analysis/5fn0RC8PlKojxABOAIEWcb,158107,4,Wedding Speech
0.467,0.533,2,-9.059,1,0.0271,9.01e-4,0.453,0.309,0.106,105.004,audio_features,1yof4dWVrroHKfNbTWYPDS,spotify:track:1yof4dWVrroHKfNbTWYPDS,https://api.spotify.com/v1/tracks/1yof4dWVrroHKfNbTWYPDS,https://api.spotify.com/v1/audio-analysis/1yof4dWVrroHKfNbTWYPDS,305440,4,Chameleon Skin
0.374,0.87,6,-5.898,0,0.0641,5.71e-5,0.0279,0.157,0.421,82.947,audio_features,4dGuhIrZhozQQBJqBAmV2T,spotify:track:4dGuhIrZhozQQBJqBAmV2T,https://api.spotify.com/v1/tracks/4dGuhIrZhozQQBJqBAmV2T,https://api.spotify.com/v1/audio-analysis/4dGuhIrZhozQQBJqBAmV2T,251467,4,No Roads
0.364,0.97,8,-4.042,1,0.245,2.18e-5,1.14e-4,0.358,0.482,185.115,audio_features,1rgyUasSqxPwmBU6lZe9bV,spotify:track:1rgyUasSqxPwmBU6lZe9bV,https://api.spotify.com/v1/tracks/1rgyUasSqxPwmBU6lZe9bV,https://api.spotify.com/v1/audio-analysis/1rgyUasSqxPwmBU6lZe9bV,197560,4,"O Bother, Where Art Thou?"
0.361,0.969,8,-3.979,1,0.243,2.03e-4,1.59e-5,0.39,0.398,182.165,audio_features,5BDgIWmvouWsqDpVjfD76l,spotify:track:5BDgIWmvouWsqDpVjfD76l,https://api.spotify.com/v1/tracks/5BDgIWmvouWsqDpVjfD76l,https://api.spotify.com/v1/audio-analysis/5BDgIWmvouWsqDpVjfD76l,150413,4,"Alda, Small Things"
0.4,0.965,11,-3.597,1,0.127,1.47e-4,9.96e-6,0.158,0.368,175,audio_features,2BwoC3xMsYha0GfljUy4Bi,spotify:track:2BwoC3xMsYha0GfljUy4Bi,https://api.spotify.com/v1/tracks/2BwoC3xMsYha0GfljUy4Bi,https://api.spotify.com/v1/audio-analysis/2BwoC3xMsYha0GfljUy4Bi,194187,4,My Other House Is A Meth Lab
0.259,0.943,11,-4.058,1,0.366,8.54e-4,4.52e-5,0.35,0.503,169.753,audio_features,3Q9kG8pIvdGI59WIHwkaUz,spotify:track:3Q9kG8pIvdGI59WIHwkaUz,https://api.spotify.com/v1/tracks/3Q9kG8pIvdGI59WIHwkaUz,https://api.spotify.com/v1/audio-analysis/3Q9kG8pIvdGI59WIHwkaUz,188267,4,Liars
0.293,0.958,1,-3.632,1,0.234,1.86e-4,0.0727,0.323,0.391,180.196,audio_features,3NCFZRgIIVILYGzWL0c8dj,spotify:track:3NCFZRgIIVILYGzWL0c8dj,https://api.spotify.com/v1/tracks/3NCFZRgIIVILYGzWL0c8dj,https://api.spotify.com/v1/audio-analysis/3NCFZRgIIVILYGzWL0c8dj,174987,4,Lousy Smarch Weather
0.63,0.917,1,-3.491,1,0.0703,3.83e-4,8.54e-5,0.106,0.646,125.004,audio_features,4GxyDv6ZSq9PTHnm17zY7C,spotify:track:4GxyDv6ZSq9PTHnm17zY7C,https://api.spotify.com/v1/tracks/4GxyDv6ZSq9PTHnm17zY7C,https://api.spotify.com/v1/audio-analysis/4GxyDv6ZSq9PTHnm17zY7C,281307,4,Like A Dog
0.36,0.955,8,-3.048,1,0.131,1.49e-5,0.00158,0.36,0.524,175.023,audio_features,6aOYedkZCOrfSfMEBwaEbl,spotify:track:6aOYedkZCOrfSfMEBwaEbl,https://api.spotify.com/v1/tracks/6aOYedkZCOrfSfMEBwaEbl,https://api.spotify.com/v1/audio-analysis/6aOYedkZCOrfSfMEBwaEbl,171573,4,Splinters
0.331,0.963,3,-4.081,1,0.175,1.27e-5,0.0017,0.25,0.539,185.036,audio_features,7C4cw4P216sznbnQGZj25N,spotify:track:7C4cw4P216sznbnQGZj25N,https://api.spotify.com/v1/tracks/7C4cw4P216sznbnQGZj25N,https://api.spotify.com/v1/audio-analysis/7C4cw4P216sznbnQGZj25N,212587,4,Dracula On A Budget
0.575,0.835,11,-5.587,0,0.234,0.295,0,0.46,0.233,112.426,audio_features,6GUtUtWqaszlj5QeF8lMss,spotify:track:6GUtUtWqaszlj5QeF8lMss,https://api.spotify.com/v1/tracks/6GUtUtWqaszlj5QeF8lMss,https://api.spotify.com/v1/audio-analysis/6GUtUtWqaszlj5QeF8lMss,228373,4,Nine
0.636,0.871,1,-5.797,0,0.47,0.446,0,0.473,0.23,87.45,audio_features,4LCzEYKPFcd2FCOmZdVDnM,spotify:track:4LCzEYKPFcd2FCOmZdVDnM,https://api.spotify.com/v1/tracks/4LCzEYKPFcd2FCOmZdVDnM,https://api.spotify.com/v1/audio-analysis/4LCzEYKPFcd2FCOmZdVDnM,579293,4,Dance With The Devil
0.665,0.91,6,-4.682,0,0.223,0.0394,0,0.227,0.887,84.099,audio_features,5zwz05jkQVT68CjUpPwFZe,spotify:track:5zwz05jkQVT68CjUpPwFZe,https://api.spotify.com/v1/tracks/5zwz05jkQVT68CjUpPwFZe,https://api.spotify.com/v1/audio-analysis/5zwz05jkQVT68CjUpPwFZe,293973,4,N.Y. State of Mind
0.7,0.723,11,-8.797,0,0.366,0.0509,0,0.254,0.657,85.68,audio_features,5MfOhYcRuklBmaJRx4DkeD,spotify:track:5MfOhYcRuklBmaJRx4DkeD,https://api.spotify.com/v1/tracks/5MfOhYcRuklBmaJRx4DkeD,https://api.spotify.com/v1/audio-analysis/5MfOhYcRuklBmaJRx4DkeD,300160,4,Blackout
0.646,0.831,6,-2.219,0,0.13,6.08e-4,0,0.303,0.426,85.972,audio_features,6VQhqoS9sPSTPFWeSRDL14,spotify:track:6VQhqoS9sPSTPFWeSRDL14,https://api.spotify.com/v1/tracks/6VQhqoS9sPSTPFWeSRDL14,https://api.spotify.com/v1/audio-analysis/6VQhqoS9sPSTPFWeSRDL14,323107,4,Da Shit
0.727,0.831,6,-5.713,1,0.31,0.0632,3.63e-5,0.487,0.504,84.991,audio_features,3UQAKY0SUEonxneROvv4jy,spotify:track:3UQAKY0SUEonxneROvv4jy,https://api.spotify.com/v1/tracks/3UQAKY0SUEonxneROvv4jy,https://api.spotify.com/v1/audio-analysis/3UQAKY0SUEonxneROvv4jy,264547,4,Ready to Die - 2006 Remaster
0.172,0.747,11,-4.872,0,0.0506,0.0308,0.962,0.121,0.464,71.855,audio_features,5R0Gt8DvECDCqag3KCJ8CN,spotify:track:5R0Gt8DvECDCqag3KCJ8CN,https://api.spotify.com/v1/tracks/5R0Gt8DvECDCqag3KCJ8CN,https://api.spotify.com/v1/audio-analysis/5R0Gt8DvECDCqag3KCJ8CN,243467,4,Biochemical Equation - Instrumental
0.593,0.483,0,-9.275,1,0.0286,0.434,0,0.109,0.73,98.934,audio_features,0T7zBRcchKYBl9g3ZZhyf4,spotify:track:0T7zBRcchKYBl9g3ZZhyf4,https://api.spotify.com/v1/tracks/0T7zBRcchKYBl9g3ZZhyf4,https://api.spotify.com/v1/audio-analysis/0T7zBRcchKYBl9g3ZZhyf4,180213,4,The Love I Saw In You Was Just A Mirage
0.476,0.401,8,-8.075,0,0.0364,0.773,0,0.0815,0.641,103.657,audio_features,2D8EIix8QDj2PSG2O3kx1J,spotify:track:2D8EIix8QDj2PSG2O3kx1J,https://api.spotify.com/v1/tracks/2D8EIix8QDj2PSG2O3kx1J,https://api.spotify.com/v1/audio-analysis/2D8EIix8QDj2PSG2O3kx1J,137027,3,You're Always On My Mind
0.449,0.524,4,-7.765,0,0.0288,0.778,0,0.3,0.66,135.869,audio_features,0xpSC4WOve5Lgy030QkVgI,spotify:track:0xpSC4WOve5Lgy030QkVgI,https://api.spotify.com/v1/tracks/0xpSC4WOve5Lgy030QkVgI,https://api.spotify.com/v1/audio-analysis/0xpSC4WOve5Lgy030QkVgI,157627,3,For Sentimental Reasons
0.413,0.443,7,-10.515,1,0.0329,0.666,0,0.397,0.819,134.376,audio_features,2FvNXxWXSFoZQxBN2Tv0pD,spotify:track:2FvNXxWXSFoZQxBN2Tv0pD,https://api.spotify.com/v1/tracks/2FvNXxWXSFoZQxBN2Tv0pD,https://api.spotify.com/v1/audio-analysis/2FvNXxWXSFoZQxBN2Tv0pD,144507,3,Desire Me
0.498,0.407,11,-8.885,0,0.0358,0.716,0,0.0913,0.509,95.431,audio_features,1CvA1j9UsE8IQWV26lL0Nn,spotify:track:1CvA1j9UsE8IQWV26lL0Nn,https://api.spotify.com/v1/tracks/1CvA1j9UsE8IQWV26lL0Nn,https://api.spotify.com/v1/audio-analysis/1CvA1j9UsE8IQWV26lL0Nn,176400,4,You Were Made For Me
0.694,0.476,9,-8.389,1,0.0579,0.672,0,0.194,0.772,122.179,audio_features,0nvzDz3CqEViJaqT2cuFuY,spotify:track:0nvzDz3CqEViJaqT2cuFuY,https://api.spotify.com/v1/tracks/0nvzDz3CqEViJaqT2cuFuY,https://api.spotify.com/v1/audio-analysis/0nvzDz3CqEViJaqT2cuFuY,136800,4,Love You Most Of All
0.742,0.374,8,-14.572,1,0.0781,0.505,0,0.201,0.803,111.985,audio_features,2KIX3K2os3pFQlyYQJT3UD,spotify:track:2KIX3K2os3pFQlyYQJT3UD,https://api.spotify.com/v1/tracks/2KIX3K2os3pFQlyYQJT3UD,https://api.spotify.com/v1/audio-analysis/2KIX3K2os3pFQlyYQJT3UD,132227,4,Only Sixteen
0.431,0.322,5,-9.823,1,0.0297,0.847,0,0.212,0.576,88.166,audio_features,2McwlJUON9QKImkRko2Dpj,spotify:track:2McwlJUON9QKImkRko2Dpj,https://api.spotify.com/v1/tracks/2McwlJUON9QKImkRko2Dpj,https://api.spotify.com/v1/audio-analysis/2McwlJUON9QKImkRko2Dpj,156227,4,With You
0.411,0.153,10,-16.073,1,0.0365,0.556,0,0.118,0.348,76.216,audio_features,3vtaNlfnwewiBR4q0pBwfa,spotify:track:3vtaNlfnwewiBR4q0pBwfa,https://api.spotify.com/v1/tracks/3vtaNlfnwewiBR4q0pBwfa,https://api.spotify.com/v1/audio-analysis/3vtaNlfnwewiBR4q0pBwfa,152840,4,Crazy She Calls Me
0.57,0.405,4,-9.323,0,0.048,0.162,0,0.373,0.517,131.46,audio_features,293UMoB962Y5huvHcyjqwF,spotify:track:293UMoB962Y5huvHcyjqwF,https://api.spotify.com/v1/tracks/293UMoB962Y5huvHcyjqwF,https://api.spotify.com/v1/audio-analysis/293UMoB962Y5huvHcyjqwF,148000,3,Comes Love
0.581,0.234,0,-11.984,0,0.123,0.217,0,0.08,0.422,121.203,audio_features,12UjAyUhxR6jP3EJaMYlha,spotify:track:12UjAyUhxR6jP3EJaMYlha,https://api.spotify.com/v1/tracks/12UjAyUhxR6jP3EJaMYlha,https://api.spotify.com/v1/audio-analysis/12UjAyUhxR6jP3EJaMYlha,145027,4,Ain't Nobody's Business
0.401,0.109,5,-15.907,1,0.0366,0.881,0,0.109,0.351,70.312,audio_features,2D7GbHpzGLT8ArZrCJVVrO,spotify:track:2D7GbHpzGLT8ArZrCJVVrO,https://api.spotify.com/v1/tracks/2D7GbHpzGLT8ArZrCJVVrO,https://api.spotify.com/v1/audio-analysis/2D7GbHpzGLT8ArZrCJVVrO,135067,4,Little Things You Do
0.691,0.507,11,-10.23,1,0.0343,0.627,0,0.457,0.885,128.518,audio_features,2g2GkH3vZHk4lWzBjgQ6nY,spotify:track:2g2GkH3vZHk4lWzBjgQ6nY,https://api.spotify.com/v1/tracks/2g2GkH3vZHk4lWzBjgQ6nY,https://api.spotify.com/v1/audio-analysis/2g2GkH3vZHk4lWzBjgQ6nY,125440,4,(What A) Wonderful World
0.698,0.661,7,-9.674,1,0.0416,0.636,0,0.228,0.824,131.808,audio_features,1sK10Me7qS9em2QTx6dYRe,spotify:track:1sK10Me7qS9em2QTx6dYRe,https://api.spotify.com/v1/tracks/1sK10Me7qS9em2QTx6dYRe,https://api.spotify.com/v1/audio-analysis/1sK10Me7qS9em2QTx6dYRe,160000,4,Chain Gang
0.332,0.298,3,-10.043,1,0.0323,0.778,0,0.177,0.393,103.588,audio_features,3PsA00SFpmWjT07dfond2A,spotify:track:3PsA00SFpmWjT07dfond2A,https://api.spotify.com/v1/tracks/3PsA00SFpmWjT07dfond2A,https://api.spotify.com/v1/audio-analysis/3PsA00SFpmWjT07dfond2A,137333,4,I Belong To Your Heart
0.352,0.317,0,-8.694,1,0.0308,0.861,0,0.136,0.506,133.113,audio_features,3G7spgNysEke1Fr8ZYYbwg,spotify:track:3G7spgNysEke1Fr8ZYYbwg,https://api.spotify.com/v1/tracks/3G7spgNysEke1Fr8ZYYbwg,https://api.spotify.com/v1/audio-analysis/3G7spgNysEke1Fr8ZYYbwg,160440,4,Teenage Sonata
0.351,0.245,2,-11.304,0,0.0376,0.888,0,0.144,0.583,202.105,audio_features,3G6hLJozb2XE9LxYIJZAMW,spotify:track:3G6hLJozb2XE9LxYIJZAMW,https://api.spotify.com/v1/tracks/3G6hLJozb2XE9LxYIJZAMW,https://api.spotify.com/v1/audio-analysis/3G6hLJozb2XE9LxYIJZAMW,140800,3,Love Me
0.558,0.341,7,-8.914,1,0.0331,0.769,0,0.117,0.72,139.087,audio_features,0jaazBya4GKJUHKoXoWtBp,spotify:track:0jaazBya4GKJUHKoXoWtBp,https://api.spotify.com/v1/tracks/0jaazBya4GKJUHKoXoWtBp,https://api.spotify.com/v1/audio-analysis/0jaazBya4GKJUHKoXoWtBp,142560,4,If I Had You (I'd Be Happy)
0.456,0.349,7,-10.793,1,0.031,0.782,0,0.497,0.513,107.874,audio_features,0jzN4rHZ2ttVI1fcYbb0xd,spotify:track:0jzN4rHZ2ttVI1fcYbb0xd,https://api.spotify.com/v1/tracks/0jzN4rHZ2ttVI1fcYbb0xd,https://api.spotify.com/v1/audio-analysis/0jzN4rHZ2ttVI1fcYbb0xd,140067,3,Tenderness
0.567,0.578,2,-8.209,1,0.126,0.819,0,0.257,0.75,134.834,audio_features,1i6kcGhqWSyxoOo62bLgF7,spotify:track:1i6kcGhqWSyxoOo62bLgF7,https://api.spotify.com/v1/tracks/1i6kcGhqWSyxoOo62bLgF7,https://api.spotify.com/v1/audio-analysis/1i6kcGhqWSyxoOo62bLgF7,167107,4,Hold On
0.387,0.282,8,-9.285,1,0.0612,0.815,0,0.298,0.595,76.437,audio_features,0YYh4J0dmcW7t9Oaf3K3eN,spotify:track:0YYh4J0dmcW7t9Oaf3K3eN,https://api.spotify.com/v1/tracks/0YYh4J0dmcW7t9Oaf3K3eN,https://api.spotify.com/v1/audio-analysis/0YYh4J0dmcW7t9Oaf3K3eN,132107,3,Baby Won't You Please Come Home
0.512,0.282,8,-11.266,0,0.0408,0.838,0,0.0857,0.546,104.4,audio_features,0TpWH8yUjF5QyzGMDjBEaQ,spotify:track:0TpWH8yUjF5QyzGMDjBEaQ,https://api.spotify.com/v1/tracks/0TpWH8yUjF5QyzGMDjBEaQ,https://api.spotify.com/v1/audio-analysis/0TpWH8yUjF5QyzGMDjBEaQ,135600,3,You're Always On My Mind
0.551,0.292,7,-10.426,1,0.0309,0.818,0,0.324,0.641,81.978,audio_features,31BDS0KfSPYynDg6sJAU3g,spotify:track:31BDS0KfSPYynDg6sJAU3g,https://api.spotify.com/v1/tracks/31BDS0KfSPYynDg6sJAU3g,https://api.spotify.com/v1/audio-analysis/31BDS0KfSPYynDg6sJAU3g,144840,4,One More Time
0.692,0.45,0,-9.614,1,0.0348,0.701,0,0.11,0.661,113.24,audio_features,3YfX75Ub9t5Wf2pxGXjsPl,spotify:track:3YfX75Ub9t5Wf2pxGXjsPl,https://api.spotify.com/v1/tracks/3YfX75Ub9t5Wf2pxGXjsPl,https://api.spotify.com/v1/audio-analysis/3YfX75Ub9t5Wf2pxGXjsPl,162933,4,Don't Cry On My Shoulder
0.626,0.498,0,-9.747,1,0.0415,0.771,0,0.175,0.891,104.034,audio_features,3GlltSDOZctL4cXqXlqqBf,spotify:track:3GlltSDOZctL4cXqXlqqBf,https://api.spotify.com/v1/tracks/3GlltSDOZctL4cXqXlqqBf,https://api.spotify.com/v1/audio-analysis/3GlltSDOZctL4cXqXlqqBf,183800,4,Somebody Have Mercy
0.652,0.379,10,-9.212,1,0.102,0.587,0,0.0829,0.814,112.751,audio_features,1q24uu5YZTbwh9hNU8xs6q,spotify:track:1q24uu5YZTbwh9hNU8xs6q,https://api.spotify.com/v1/tracks/1q24uu5YZTbwh9hNU8xs6q,https://api.spotify.com/v1/audio-analysis/1q24uu5YZTbwh9hNU8xs6q,133307,4,Talkin' Trash
0.549,0.553,7,-7.482,0,0.048,0.848,0,0.15,0.72,123.371,audio_features,1VbD7IkGVqi8VOksRBwrC0,spotify:track:1VbD7IkGVqi8VOksRBwrC0,https://api.spotify.com/v1/tracks/1VbD7IkGVqi8VOksRBwrC0,https://api.spotify.com/v1/audio-analysis/1VbD7IkGVqi8VOksRBwrC0,154267,4,Having a Party
0.523,0.402,0,-8.233,1,0.0305,0.778,0,0.432,0.675,70.863,audio_features,0WVTQp3SOCuMr08jh1jweV,spotify:track:0WVTQp3SOCuMr08jh1jweV,https://api.spotify.com/v1/tracks/0WVTQp3SOCuMr08jh1jweV,https://api.spotify.com/v1/audio-analysis/0WVTQp3SOCuMr08jh1jweV,162533,4,Bring It On Home to Me
0.773,0.494,2,-8.979,0,0.0639,0.84,0,0.343,0.846,127.095,audio_features,1IbJRHY52sNt5jj0TWNO1S,spotify:track:1IbJRHY52sNt5jj0TWNO1S,https://api.spotify.com/v1/tracks/1IbJRHY52sNt5jj0TWNO1S,https://api.spotify.com/v1/audio-analysis/1IbJRHY52sNt5jj0TWNO1S,147893,4,"Baby, Baby, Baby"
0.395,0.316,9,-11.999,1,0.0382,0.87,0,0.62,0.518,128.16,audio_features,2t9idoT958AUKCeswEygmf,spotify:track:2t9idoT958AUKCeswEygmf,https://api.spotify.com/v1/tracks/2t9idoT958AUKCeswEygmf,https://api.spotify.com/v1/audio-analysis/2t9idoT958AUKCeswEygmf,165693,3,Send Me Some Lovin'
0.449,0.25,5,-12.666,1,0.0345,0.867,0,0.206,0.32,100.498,audio_features,0uUttxn4NJml95hHPVljUk,spotify:track:0uUttxn4NJml95hHPVljUk,https://api.spotify.com/v1/tracks/0uUttxn4NJml95hHPVljUk,https://api.spotify.com/v1/audio-analysis/0uUttxn4NJml95hHPVljUk,166400,3,Cry Me A River
0.609,0.498,5,-7.17,1,0.0522,0.705,0,0.331,0.918,114.838,audio_features,1QFrpZqohf070X0OHmjtt0,spotify:track:1QFrpZqohf070X0OHmjtt0,https://api.spotify.com/v1/tracks/1QFrpZqohf070X0OHmjtt0,https://api.spotify.com/v1/audio-analysis/1QFrpZqohf070X0OHmjtt0,163693,4,Frankie And Johnnie
0.814,0.581,9,-8.408,1,0.103,0.689,0,0.151,0.966,124.247,audio_features,0m6s8N5TBq18deMGxNhDX8,spotify:track:0m6s8N5TBq18deMGxNhDX8,https://api.spotify.com/v1/tracks/0m6s8N5TBq18deMGxNhDX8,https://api.spotify.com/v1/audio-analysis/0m6s8N5TBq18deMGxNhDX8,163667,4,Another Saturday Night - Alternate Take
0.52,0.262,7,-11.048,1,0.0314,0.832,0,0.251,0.53,108.641,audio_features,3puCESLj6BrsqYkAAKtBLG,spotify:track:3puCESLj6BrsqYkAAKtBLG,https://api.spotify.com/v1/tracks/3puCESLj6BrsqYkAAKtBLG,https://api.spotify.com/v1/audio-analysis/3puCESLj6BrsqYkAAKtBLG,135600,3,Love Will Find A Way
0.608,0.33,7,-9.588,1,0.0381,0.722,0,0.105,0.538,125.957,audio_features,34RudWCpwmLDa9Giz8IbiV,spotify:track:34RudWCpwmLDa9Giz8IbiV,https://api.spotify.com/v1/tracks/34RudWCpwmLDa9Giz8IbiV,https://api.spotify.com/v1/audio-analysis/34RudWCpwmLDa9Giz8IbiV,203293,4,Nobody Knows the Trouble I've Seen
0.608,0.323,7,-9.44,1,0.0377,0.778,0,0.177,0.465,73.196,audio_features,0iGzEg28eAWtUB8AEAGnY4,spotify:track:0iGzEg28eAWtUB8AEAGnY4,https://api.spotify.com/v1/tracks/0iGzEg28eAWtUB8AEAGnY4,https://api.spotify.com/v1/audio-analysis/0iGzEg28eAWtUB8AEAGnY4,226027,4,Mean Old World
0.697,0.409,7,-7.991,1,0.0337,0.519,0,0.261,0.685,94.16,audio_features,1jmpGTiPfGwXonuwEMBKst,spotify:track:1jmpGTiPfGwXonuwEMBKst,https://api.spotify.com/v1/tracks/1jmpGTiPfGwXonuwEMBKst,https://api.spotify.com/v1/audio-analysis/1jmpGTiPfGwXonuwEMBKst,132627,4,Please Don't Drive Me Away
0.35,0.264,4,-13.681,0,0.0449,0.67,0,0.122,0.281,146.818,audio_features,060C2ET0mxTNgr3okrImXr,spotify:track:060C2ET0mxTNgr3okrImXr,https://api.spotify.com/v1/tracks/060C2ET0mxTNgr3okrImXr,https://api.spotify.com/v1/audio-analysis/060C2ET0mxTNgr3okrImXr,201467,3,Trouble Blues
0.538,0.495,7,-10.023,1,0.0446,0.618,0,0.135,0.858,137.246,audio_features,40uHgwWUJGiT1YgsysteHc,spotify:track:40uHgwWUJGiT1YgsysteHc,https://api.spotify.com/v1/tracks/40uHgwWUJGiT1YgsysteHc,https://api.spotify.com/v1/audio-analysis/40uHgwWUJGiT1YgsysteHc,157840,3,You Gotta Move
0.534,0.322,0,-11.823,1,0.0382,0.744,0,0.313,0.443,83.436,audio_features,0mbsZwuMp0UbitCCrSxtS2,spotify:track:0mbsZwuMp0UbitCCrSxtS2,https://api.spotify.com/v1/tracks/0mbsZwuMp0UbitCCrSxtS2,https://api.spotify.com/v1/audio-analysis/0mbsZwuMp0UbitCCrSxtS2,153093,3,Fool's Paradise
0.473,0.476,11,-12.679,1,0.0767,0.678,0,0.599,0.721,104.627,audio_features,0CcDPrNaRtobqT5wbFWOUY,spotify:track:0CcDPrNaRtobqT5wbFWOUY,https://api.spotify.com/v1/tracks/0CcDPrNaRtobqT5wbFWOUY,https://api.spotify.com/v1/audio-analysis/0CcDPrNaRtobqT5wbFWOUY,226773,4,Intro/(Don't Fight It)Feel It
0.547,0.381,7,-14.245,1,0.0386,0.754,0,0.747,0.796,133.576,audio_features,3d8Ggf9Iwdx0KRPfJdIUbU,spotify:track:3d8Ggf9Iwdx0KRPfJdIUbU,https://api.spotify.com/v1/tracks/3d8Ggf9Iwdx0KRPfJdIUbU,https://api.spotify.com/v1/audio-analysis/3d8Ggf9Iwdx0KRPfJdIUbU,165893,4,Cupid
0.38,0.704,10,-10.704,1,0.0598,0.552,0,0.518,0.815,165.382,audio_features,1x0JRMxFCrg5DxUyaynAeE,spotify:track:1x0JRMxFCrg5DxUyaynAeE,https://api.spotify.com/v1/tracks/1x0JRMxFCrg5DxUyaynAeE,https://api.spotify.com/v1/audio-analysis/1x0JRMxFCrg5DxUyaynAeE,257640,4,Twistin' The Night Away
0.547,0.669,11,-11.359,1,0.0419,0.669,0,0.833,0.617,67.511,audio_features,1zhXl2LTEGVuZ0gh6TKtXY,spotify:track:1zhXl2LTEGVuZ0gh6TKtXY,https://api.spotify.com/v1/tracks/1zhXl2LTEGVuZ0gh6TKtXY,https://api.spotify.com/v1/audio-analysis/1zhXl2LTEGVuZ0gh6TKtXY,325867,4,Having A Party
0.577,0.254,4,-10.13,0,0.0302,0.915,0,0.136,0.472,96.77,audio_features,5aivQ5CkXXHJoMLy0o92HL,spotify:track:5aivQ5CkXXHJoMLy0o92HL,https://api.spotify.com/v1/tracks/5aivQ5CkXXHJoMLy0o92HL,https://api.spotify.com/v1/audio-analysis/5aivQ5CkXXHJoMLy0o92HL,162467,4,You Send Me
0.657,0.275,6,-13.222,0,0.0327,0.731,1.7e-5,0.124,0.465,119.964,audio_features,5VWIog5jBTE7GxQEZdW0FQ,spotify:track:5VWIog5jBTE7GxQEZdW0FQ,https://api.spotify.com/v1/tracks/5VWIog5jBTE7GxQEZdW0FQ,https://api.spotify.com/v1/audio-analysis/5VWIog5jBTE7GxQEZdW0FQ,141067,3,Summertime (Pt. 1)
0.571,0.501,0,-11.759,0,0.0384,0.441,0,0.321,0.89,108.125,audio_features,6m3guRZEAW7jwZBeTGEspL,spotify:track:6m3guRZEAW7jwZBeTGEspL,https://api.spotify.com/v1/tracks/6m3guRZEAW7jwZBeTGEspL,https://api.spotify.com/v1/audio-analysis/6m3guRZEAW7jwZBeTGEspL,149133,4,Lonely Island
0.778,0.699,7,-7.857,1,0.0911,0.559,0,0.474,0.949,126.91,audio_features,6ZqKNPSuBkkk8QYsiD2IVs,spotify:track:6ZqKNPSuBkkk8QYsiD2IVs,https://api.spotify.com/v1/tracks/6ZqKNPSuBkkk8QYsiD2IVs,https://api.spotify.com/v1/audio-analysis/6ZqKNPSuBkkk8QYsiD2IVs,161093,4,Everybody Loves To Cha Cha Cha
0.575,0.465,7,-10.808,1,0.0591,0.529,0,0.337,0.804,120.347,audio_features,6Mq1g6LyX8YS5kqgslcPYU,spotify:track:6Mq1g6LyX8YS5kqgslcPYU,https://api.spotify.com/v1/tracks/6Mq1g6LyX8YS5kqgslcPYU,https://api.spotify.com/v1/audio-analysis/6Mq1g6LyX8YS5kqgslcPYU,139600,4,No One Can Take Your Place
0.578,0.389,0,-10.11,0,0.0659,0.435,0,0.352,0.709,116.569,audio_features,6K6HdY7SuMhVPiOSmcqwxZ,spotify:track:6K6HdY7SuMhVPiOSmcqwxZ,https://api.spotify.com/v1/tracks/6K6HdY7SuMhVPiOSmcqwxZ,https://api.spotify.com/v1/audio-analysis/6K6HdY7SuMhVPiOSmcqwxZ,152133,4,I Got A Right To Sing The Blues
0.502,0.354,0,-9.428,1,0.0361,0.617,0,0.166,0.562,79.11,audio_features,5ekg7CCe1ZAG9RH4zA5mqD,spotify:track:5ekg7CCe1ZAG9RH4zA5mqD,https://api.spotify.com/v1/tracks/5ekg7CCe1ZAG9RH4zA5mqD,https://api.spotify.com/v1/audio-analysis/5ekg7CCe1ZAG9RH4zA5mqD,118933,4,"There, I've Said It Again"
0.314,0.0546,5,-13.129,1,0.0337,0.924,0,0.147,0.172,171.856,audio_features,6aqjfHwkgGx5RsKtdgCQo9,spotify:track:6aqjfHwkgGx5RsKtdgCQo9,https://api.spotify.com/v1/tracks/6aqjfHwkgGx5RsKtdgCQo9,https://api.spotify.com/v1/audio-analysis/6aqjfHwkgGx5RsKtdgCQo9,162533,3,When I Fall In Love
0.477,0.273,8,-12.125,1,0.035,0.721,0,0.219,0.578,86.374,audio_features,53qO57yx0LA4Cotli9WlLl,spotify:track:53qO57yx0LA4Cotli9WlLl,https://api.spotify.com/v1/tracks/53qO57yx0LA4Cotli9WlLl,https://api.spotify.com/v1/audio-analysis/53qO57yx0LA4Cotli9WlLl,151173,4,Let's Go Steady Again
0.578,0.262,5,-11.955,1,0.036,0.918,0,0.187,0.743,97.054,audio_features,5JxO5R70cKswMZQs7UBaht,spotify:track:5JxO5R70cKswMZQs7UBaht,https://api.spotify.com/v1/tracks/5JxO5R70cKswMZQs7UBaht,https://api.spotify.com/v1/audio-analysis/5JxO5R70cKswMZQs7UBaht,151693,4,Sad Mood - Alternate Version
0.479,0.418,5,-7.791,1,0.029,0.828,0,0.256,0.664,130.895,audio_features,415U1OfjxtdvqxUgF3pVpY,spotify:track:415U1OfjxtdvqxUgF3pVpY,https://api.spotify.com/v1/tracks/415U1OfjxtdvqxUgF3pVpY,https://api.spotify.com/v1/audio-analysis/415U1OfjxtdvqxUgF3pVpY,164360,4,You Belong o Me
0.507,0.41,7,-8.952,1,0.0354,0.777,0,0.255,0.653,99.56,audio_features,5FY281KIr9fkZJvmXUmy5x,spotify:track:5FY281KIr9fkZJvmXUmy5x,https://api.spotify.com/v1/tracks/5FY281KIr9fkZJvmXUmy5x,https://api.spotify.com/v1/audio-analysis/5FY281KIr9fkZJvmXUmy5x,157267,4,Sad Mood
0.721,0.43,10,-8.197,1,0.214,0.789,0,0.0991,0.82,119.85,audio_features,6HNVqFyHSDqNmyCXlmamp8,spotify:track:6HNVqFyHSDqNmyCXlmamp8,https://api.spotify.com/v1/tracks/6HNVqFyHSDqNmyCXlmamp8,https://api.spotify.com/v1/audio-analysis/6HNVqFyHSDqNmyCXlmamp8,156840,4,That's It - I Quit - I'm Movin' On
0.469,0.393,7,-9.968,1,0.0348,0.843,0,0.168,0.601,120.066,audio_features,6VuO6xcpSeeLfqBo4ePbkw,spotify:track:6VuO6xcpSeeLfqBo4ePbkw,https://api.spotify.com/v1/tracks/6VuO6xcpSeeLfqBo4ePbkw,https://api.spotify.com/v1/audio-analysis/6VuO6xcpSeeLfqBo4ePbkw,154867,4,Cupid
0.431,0.271,7,-11.958,1,0.0318,0.918,0,0.0985,0.366,111.032,audio_features,4tSlVuQQDlg0xQm6lD4six,spotify:track:4tSlVuQQDlg0xQm6lD4six,https://api.spotify.com/v1/tracks/4tSlVuQQDlg0xQm6lD4six,https://api.spotify.com/v1/audio-analysis/4tSlVuQQDlg0xQm6lD4six,144440,3,Tenderness - Alternate Version
0.384,0.387,8,-10.855,1,0.0632,0.662,0,0.359,0.631,86.958,audio_features,5kum3F0gJ4OOxj2bMEX0Ze,spotify:track:5kum3F0gJ4OOxj2bMEX0Ze,https://api.spotify.com/v1/tracks/5kum3F0gJ4OOxj2bMEX0Ze,https://api.spotify.com/v1/audio-analysis/5kum3F0gJ4OOxj2bMEX0Ze,204173,4,Nobody Knows You When You're Down And Out
0.504,0.328,7,-10.838,1,0.0468,0.792,0,0.0624,0.56,87.153,audio_features,7pBBgidy45vk5xvnZ0d3OE,spotify:track:7pBBgidy45vk5xvnZ0d3OE,https://api.spotify.com/v1/tracks/7pBBgidy45vk5xvnZ0d3OE,https://api.spotify.com/v1/audio-analysis/7pBBgidy45vk5xvnZ0d3OE,178573,4,Trouble In Mind
0.469,0.378,7,-9.398,1,0.0293,0.73,0,0.238,0.574,110.949,audio_features,5updEYXWMrhWU8bSf2yPT4,spotify:track:5updEYXWMrhWU8bSf2yPT4,https://api.spotify.com/v1/tracks/5updEYXWMrhWU8bSf2yPT4,https://api.spotify.com/v1/audio-analysis/5updEYXWMrhWU8bSf2yPT4,143800,3,Out In The Cold Again
0.538,0.536,5,-8.774,1,0.0605,0.489,0,0.282,0.868,98.107,audio_features,4UibbiPQhKznzXBFsOzzko,spotify:track:4UibbiPQhKznzXBFsOzzko,https://api.spotify.com/v1/tracks/4UibbiPQhKznzXBFsOzzko,https://api.spotify.com/v1/audio-analysis/4UibbiPQhKznzXBFsOzzko,127427,4,Exactly Like You
0.38,0.551,7,-7.446,1,0.0482,0.643,0,0.0609,0.649,88.861,audio_features,4Wfbhx8a4pB7PQNcEtKejg,spotify:track:4Wfbhx8a4pB7PQNcEtKejg,https://api.spotify.com/v1/tracks/4Wfbhx8a4pB7PQNcEtKejg,https://api.spotify.com/v1/audio-analysis/4Wfbhx8a4pB7PQNcEtKejg,182400,4,Since I Met You Baby
0.422,0.317,2,-11.27,1,0.0419,0.818,0,0.061,0.642,129.78,audio_features,6K8zZB7vMHf7CBygo6nGd9,spotify:track:6K8zZB7vMHf7CBygo6nGd9,https://api.spotify.com/v1/tracks/6K8zZB7vMHf7CBygo6nGd9,https://api.spotify.com/v1/audio-analysis/6K8zZB7vMHf7CBygo6nGd9,152067,4,But Not For Me
0.524,0.668,0,-7.816,1,0.187,0.678,0,0.216,0.847,166.951,audio_features,4H0HAL1RsYdb7JQX3nONur,spotify:track:4H0HAL1RsYdb7JQX3nONur,https://api.spotify.com/v1/tracks/4H0HAL1RsYdb7JQX3nONur,https://api.spotify.com/v1/audio-analysis/4H0HAL1RsYdb7JQX3nONur,119707,4,(Don't Fight It) Feel It
0.413,0.501,7,-7.431,1,0.0466,0.755,0,0.502,0.611,93.466,audio_features,6XjWdiVy8WZAkwRZfS6jEF,spotify:track:6XjWdiVy8WZAkwRZfS6jEF,https://api.spotify.com/v1/tracks/6XjWdiVy8WZAkwRZfS6jEF,https://api.spotify.com/v1/audio-analysis/6XjWdiVy8WZAkwRZfS6jEF,164600,4,It's All Right
0.581,0.696,9,-8.75,1,0.108,0.673,0,0.322,0.932,160.891,audio_features,6ys9oyFvw7FXbs5UMZ7I7s,spotify:track:6ys9oyFvw7FXbs5UMZ7I7s,https://api.spotify.com/v1/tracks/6ys9oyFvw7FXbs5UMZ7I7s,https://api.spotify.com/v1/audio-analysis/6ys9oyFvw7FXbs5UMZ7I7s,159893,4,Twistin' the Night Away
0.603,0.68,7,-7.565,1,0.0481,0.661,0,0.31,0.837,124.942,audio_features,6M9M8af0CQu379X4g7QJ4Y,spotify:track:6M9M8af0CQu379X4g7QJ4Y,https://api.spotify.com/v1/tracks/6M9M8af0CQu379X4g7QJ4Y,https://api.spotify.com/v1/audio-analysis/6M9M8af0CQu379X4g7QJ4Y,165667,4,Somebody's Gonna Miss Me
0.712,0.581,0,-7.857,1,0.0418,0.36,0,0.117,0.971,137.723,audio_features,61h9f3om0sv94iSxEnMfB2,spotify:track:61h9f3om0sv94iSxEnMfB2,https://api.spotify.com/v1/tracks/61h9f3om0sv94iSxEnMfB2,https://api.spotify.com/v1/audio-analysis/61h9f3om0sv94iSxEnMfB2,135760,4,Sugar Dumpling (Original Version)
0.645,0.374,10,-11.497,1,0.0332,0.784,0,0.106,0.828,81.18,audio_features,5DqQGbeyJBgKfbehxwCjvf,spotify:track:5DqQGbeyJBgKfbehxwCjvf,https://api.spotify.com/v1/tracks/5DqQGbeyJBgKfbehxwCjvf,https://api.spotify.com/v1/audio-analysis/5DqQGbeyJBgKfbehxwCjvf,134200,4,Nothin' Can Change This Love - Alternate Version
0.747,0.481,10,-10.322,1,0.0638,0.542,0,0.0364,0.749,118.606,audio_features,4jaLgfNiPUQKpMfdTUG00J,spotify:track:4jaLgfNiPUQKpMfdTUG00J,https://api.spotify.com/v1/tracks/4jaLgfNiPUQKpMfdTUG00J,https://api.spotify.com/v1/audio-analysis/4jaLgfNiPUQKpMfdTUG00J,173773,4,Movin' and Groovin'
0.362,0.473,0,-9.813,0,0.112,0.729,0,0.252,0.742,91.152,audio_features,6dr8sYNBqC7OZGwqd0THn4,spotify:track:6dr8sYNBqC7OZGwqd0THn4,https://api.spotify.com/v1/tracks/6dr8sYNBqC7OZGwqd0THn4,https://api.spotify.com/v1/audio-analysis/6dr8sYNBqC7OZGwqd0THn4,137107,3,Soothe Me
0.638,0.597,10,-7.867,1,0.0429,0.796,0,0.122,0.869,136.018,audio_features,5pDTvh7JGPq3OmVNn8r085,spotify:track:5pDTvh7JGPq3OmVNn8r085,https://api.spotify.com/v1/tracks/5pDTvh7JGPq3OmVNn8r085,https://api.spotify.com/v1/audio-analysis/5pDTvh7JGPq3OmVNn8r085,151107,4,A Whole Lotta Woman
0.767,0.525,2,-6.328,0,0.0492,0.866,0,0.166,0.836,121.258,audio_features,5H7G7PhAFrO0zCbEEmjFsF,spotify:track:5H7G7PhAFrO0zCbEEmjFsF,https://api.spotify.com/v1/tracks/5H7G7PhAFrO0zCbEEmjFsF,https://api.spotify.com/v1/audio-analysis/5H7G7PhAFrO0zCbEEmjFsF,147933,4,I'm Gonna Forget About You
0.469,0.291,9,-8.661,1,0.0313,0.851,0,0.178,0.525,65.237,audio_features,4jR1SPr7FRrCq9qq98atmm,spotify:track:4jR1SPr7FRrCq9qq98atmm,https://api.spotify.com/v1/tracks/4jR1SPr7FRrCq9qq98atmm,https://api.spotify.com/v1/audio-analysis/4jR1SPr7FRrCq9qq98atmm,157093,3,Nothin' Can Change This Love
0.354,0.22,7,-13.349,1,0.0332,0.886,0,0.146,0.28,99.942,audio_features,58avBIQbyJAlZUwrS1Cy9Y,spotify:track:58avBIQbyJAlZUwrS1Cy9Y,https://api.spotify.com/v1/tracks/58avBIQbyJAlZUwrS1Cy9Y,https://api.spotify.com/v1/audio-analysis/58avBIQbyJAlZUwrS1Cy9Y,208293,3,All the Way
0.528,0.203,7,-13.08,1,0.0319,0.907,0,0.249,0.33,97.324,audio_features,5sUpykzrjcADvPKVCQMtrj,spotify:track:5sUpykzrjcADvPKVCQMtrj,https://api.spotify.com/v1/tracks/5sUpykzrjcADvPKVCQMtrj,https://api.spotify.com/v1/audio-analysis/5sUpykzrjcADvPKVCQMtrj,204227,3,Smoke Rings
0.313,0.242,9,-14.668,1,0.0318,0.94,0,0.278,0.353,97.311,audio_features,6QBYUgJ22IjSh5lYp4meqs,spotify:track:6QBYUgJ22IjSh5lYp4meqs,https://api.spotify.com/v1/tracks/6QBYUgJ22IjSh5lYp4meqs,https://api.spotify.com/v1/audio-analysis/6QBYUgJ22IjSh5lYp4meqs,142533,1,I Wish You Love
0.549,0.356,5,-11.734,1,0.0327,0.7,0,0.369,0.555,106.807,audio_features,5UxTUmQeNweEJEbpWXhJv0,spotify:track:5UxTUmQeNweEJEbpWXhJv0,https://api.spotify.com/v1/tracks/5UxTUmQeNweEJEbpWXhJv0,https://api.spotify.com/v1/audio-analysis/5UxTUmQeNweEJEbpWXhJv0,196173,1,Driftin' Blues
0.447,0.281,0,-13.357,0,0.0316,0.755,0,0.28,0.474,86.908,audio_features,5VKeYCYywE0Zeczyp2gIC6,spotify:track:5VKeYCYywE0Zeczyp2gIC6,https://api.spotify.com/v1/tracks/5VKeYCYywE0Zeczyp2gIC6,https://api.spotify.com/v1/audio-analysis/5VKeYCYywE0Zeczyp2gIC6,154533,4,Little Girl
0.413,0.293,11,-11.28,0,0.0351,0.778,0,0.254,0.457,73.33,audio_features,4GkkqDsN79xKPDkhaTZcRU,spotify:track:4GkkqDsN79xKPDkhaTZcRU,https://api.spotify.com/v1/tracks/4GkkqDsN79xKPDkhaTZcRU,https://api.spotify.com/v1/audio-analysis/4GkkqDsN79xKPDkhaTZcRU,239240,4,These Foolish Things
0.572,0.692,3,-8.984,1,0.199,0.79,0,0.343,0.69,79.92,audio_features,4zFRo1YrRFBcarLAkJFE8j,spotify:track:4zFRo1YrRFBcarLAkJFE8j,https://api.spotify.com/v1/tracks/4zFRo1YrRFBcarLAkJFE8j,https://api.spotify.com/v1/audio-analysis/4zFRo1YrRFBcarLAkJFE8j,143000,4,I Ain't Gonna Cheat On You No More
0.424,0.447,8,-8.554,1,0.0349,0.542,0,0.32,0.517,83.847,audio_features,4qbMcVqSWqYzSNXL4z9Go4,spotify:track:4qbMcVqSWqYzSNXL4z9Go4,https://api.spotify.com/v1/tracks/4qbMcVqSWqYzSNXL4z9Go4,https://api.spotify.com/v1/audio-analysis/4qbMcVqSWqYzSNXL4z9Go4,152240,3,Cool Train (First Stereo Release)
0.371,0.0628,0,-13.924,1,0.052,0.873,0,0.1,0.198,175.848,audio_features,5jyiRJt2cFmMNntoHy8558,spotify:track:5jyiRJt2cFmMNntoHy8558,https://api.spotify.com/v1/tracks/5jyiRJt2cFmMNntoHy8558,https://api.spotify.com/v1/audio-analysis/5jyiRJt2cFmMNntoHy8558,131333,3,Lost and Lookin'
0.401,0.143,9,-13.725,1,0.0324,0.896,1.7e-5,0.104,0.264,155.207,audio_features,58mGCDy33V1l8bBbETsclH,spotify:track:58mGCDy33V1l8bBbETsclH,https://api.spotify.com/v1/tracks/58mGCDy33V1l8bBbETsclH,https://api.spotify.com/v1/audio-analysis/58mGCDy33V1l8bBbETsclH,203400,3,I Lost Everything
0.412,0.272,5,-14.525,1,0.041,0.832,7.67e-6,0.211,0.218,143.158,audio_features,6yyr8x5KiIQBntrPsxrdjH,spotify:track:6yyr8x5KiIQBntrPsxrdjH,https://api.spotify.com/v1/tracks/6yyr8x5KiIQBntrPsxrdjH,https://api.spotify.com/v1/audio-analysis/6yyr8x5KiIQBntrPsxrdjH,245000,3,Get Yourself Another Fool
0.637,0.535,9,-10.079,1,0.0734,0.495,0,0.509,0.806,92.715,audio_features,5SlnifhSwzhn2S40O45Tl9,spotify:track:5SlnifhSwzhn2S40O45Tl9,https://api.spotify.com/v1/tracks/5SlnifhSwzhn2S40O45Tl9,https://api.spotify.com/v1/audio-analysis/5SlnifhSwzhn2S40O45Tl9,170827,4,Little Red Rooster
0.472,0.227,8,-13.444,1,0.0466,0.727,1.28e-6,0.0954,0.52,178.053,audio_features,6RbY6ksb1ThDGloP2ybvEy,spotify:track:6RbY6ksb1ThDGloP2ybvEy,https://api.spotify.com/v1/tracks/6RbY6ksb1ThDGloP2ybvEy,https://api.spotify.com/v1/audio-analysis/6RbY6ksb1ThDGloP2ybvEy,216000,3,Laughin' and Clownin'
0.329,0.558,10,-12.616,1,0.0547,0.468,0,0.398,0.834,65.769,audio_features,4TzmOKnGjHOSTI9fe6O22C,spotify:track:4TzmOKnGjHOSTI9fe6O22C,https://api.spotify.com/v1/tracks/4TzmOKnGjHOSTI9fe6O22C,https://api.spotify.com/v1/audio-analysis/4TzmOKnGjHOSTI9fe6O22C,192000,4,"Chain Gang - Live at the Harlem Square Club, Miami, FL - January 1963"
0.372,0.501,0,-12.053,1,0.0562,0.749,0,0.884,0.679,142.797,audio_features,7DqMRmmgZLO9hDOy6Uh2TI,spotify:track:7DqMRmmgZLO9hDOy6Uh2TI,https://api.spotify.com/v1/tracks/7DqMRmmgZLO9hDOy6Uh2TI,https://api.spotify.com/v1/audio-analysis/7DqMRmmgZLO9hDOy6Uh2TI,313267,3,It's All Right/For Sentimental Reasons
0.4,0.503,11,-14.289,1,0.071,0.713,0,0.498,0.499,116.72,audio_features,7oL8t22ztXfQDHsGCpX2VQ,spotify:track:7oL8t22ztXfQDHsGCpX2VQ,https://api.spotify.com/v1/tracks/7oL8t22ztXfQDHsGCpX2VQ,https://api.spotify.com/v1/audio-analysis/7oL8t22ztXfQDHsGCpX2VQ,436227,4,Somebody Have Mercy
0.41,0.59,0,-12.999,1,0.0597,0.739,0,0.521,0.683,122.347,audio_features,6CCl6eG9CmTDUdVzVnDlt9,spotify:track:6CCl6eG9CmTDUdVzVnDlt9,https://api.spotify.com/v1/tracks/6CCl6eG9CmTDUdVzVnDlt9,https://api.spotify.com/v1/audio-analysis/6CCl6eG9CmTDUdVzVnDlt9,184173,3,Bring It On Home To Me
0.296,0.572,6,-13.179,1,0.0896,0.749,0,0.868,0.57,77.855,audio_features,6SUMaV5COz0yo9d4sbIBYz,spotify:track:6SUMaV5COz0yo9d4sbIBYz,https://api.spotify.com/v1/tracks/6SUMaV5COz0yo9d4sbIBYz,https://api.spotify.com/v1/audio-analysis/6SUMaV5COz0yo9d4sbIBYz,226360,4,Nothin' Can Change This Love
0.724,0.379,7,-13.495,1,0.0456,0.808,0,0.187,0.849,134.629,audio_features,7ux55BPkC494PlmfGTDzWq,spotify:track:7ux55BPkC494PlmfGTDzWq,https://api.spotify.com/v1/tracks/7ux55BPkC494PlmfGTDzWq,https://api.spotify.com/v1/audio-analysis/7ux55BPkC494PlmfGTDzWq,152067,4,Win Your Love For Me
0.439,0.514,5,-8.089,0,0.085,0.576,0,0.168,0.673,102.307,audio_features,7tjIAqE0X7bvwX9LvKvU2U,spotify:track:7tjIAqE0X7bvwX9LvKvU2U,https://api.spotify.com/v1/tracks/7tjIAqE0X7bvwX9LvKvU2U,https://api.spotify.com/v1/audio-analysis/7tjIAqE0X7bvwX9LvKvU2U,191333,4,Don't Get Around Much Any More
0.673,0.658,10,-9.275,0,0.0549,0.494,0,0.0844,0.816,135.398,audio_features,7qqtV4SBGjenq0kzGUFaZg,spotify:track:7qqtV4SBGjenq0kzGUFaZg,https://api.spotify.com/v1/tracks/7qqtV4SBGjenq0kzGUFaZg,https://api.spotify.com/v1/audio-analysis/7qqtV4SBGjenq0kzGUFaZg,206493,4,"Shake, Rattle And Roll"
0.244,0.967,7,-4.785,1,0.0743,7.96e-6,0.00689,0.363,0.172,176.331,audio_features,7ml60qKvVgLpEf0uZ5EQBI,spotify:track:7ml60qKvVgLpEf0uZ5EQBI,https://api.spotify.com/v1/tracks/7ml60qKvVgLpEf0uZ5EQBI,https://api.spotify.com/v1/audio-analysis/7ml60qKvVgLpEf0uZ5EQBI,189413,4,As Long As We Can (Intro)
0.549,0.961,7,-3.919,1,0.0824,7.12e-5,7.64e-5,0.45,0.497,107.011,audio_features,3C1LTvobGXJdjHCKtF5CKC,spotify:track:3C1LTvobGXJdjHCKtF5CKC,https://api.spotify.com/v1/tracks/3C1LTvobGXJdjHCKtF5CKC,https://api.spotify.com/v1/audio-analysis/3C1LTvobGXJdjHCKtF5CKC,175013,4,One Reason
0.387,0.985,0,-3.829,1,0.153,9.21e-6,3.05e-5,0.0807,0.229,178.044,audio_features,7eEd5w01fhPWvC7YMNBkAR,spotify:track:7eEd5w01fhPWvC7YMNBkAR,https://api.spotify.com/v1/tracks/7eEd5w01fhPWvC7YMNBkAR,https://api.spotify.com/v1/audio-analysis/7eEd5w01fhPWvC7YMNBkAR,184613,4,Faith And Hope
0.432,0.972,0,-4.627,1,0.156,4.84e-6,0.0059,0.138,0.421,159.999,audio_features,3sqkvjp1FZ6zJj7p1hYuEE,spotify:track:3sqkvjp1FZ6zJj7p1hYuEE,https://api.spotify.com/v1/tracks/3sqkvjp1FZ6zJj7p1hYuEE,https://api.spotify.com/v1/audio-analysis/3sqkvjp1FZ6zJj7p1hYuEE,158920,4,Something To Live For
0.408,0.98,1,-3.872,1,0.112,1.84e-5,1e-5,0.267,0.511,177.991,audio_features,1scgxhFWFQKXnq1H0mcPBn,spotify:track:1scgxhFWFQKXnq1H0mcPBn,https://api.spotify.com/v1/tracks/1scgxhFWFQKXnq1H0mcPBn,https://api.spotify.com/v1/audio-analysis/1scgxhFWFQKXnq1H0mcPBn,168760,4,All We Need
0.461,0.974,0,-4.652,1,0.109,1.46e-4,7.05e-4,0.621,0.379,159.965,audio_features,4kStjqFZnRNsGbt6JZhp3q,spotify:track:4kStjqFZnRNsGbt6JZhp3q,https://api.spotify.com/v1/tracks/4kStjqFZnRNsGbt6JZhp3q,https://api.spotify.com/v1/audio-analysis/4kStjqFZnRNsGbt6JZhp3q,188253,4,The Western World
0.349,0.961,0,-4.384,1,0.107,4.62e-5,7.77e-5,0.246,0.62,193.931,audio_features,0IpWaHx11FdH1BdMdtTavk,spotify:track:0IpWaHx11FdH1BdMdtTavk,https://api.spotify.com/v1/tracks/0IpWaHx11FdH1BdMdtTavk,https://api.spotify.com/v1/audio-analysis/0IpWaHx11FdH1BdMdtTavk,162667,4,We'll Never Know
0.444,0.888,6,-4.571,0,0.0937,3.66e-5,1.95e-6,0.481,0.55,172.862,audio_features,1Es3KE4RV8chbMXvakimAR,spotify:track:1Es3KE4RV8chbMXvakimAR,https://api.spotify.com/v1/tracks/1Es3KE4RV8chbMXvakimAR,https://api.spotify.com/v1/audio-analysis/1Es3KE4RV8chbMXvakimAR,181453,4,Confusion
0.389,0.984,1,-4.403,1,0.115,1.51e-5,0.692,0.193,0.739,173.982,audio_features,6D1Fu1lGYHDyhokk254paN,spotify:track:6D1Fu1lGYHDyhokk254paN,https://api.spotify.com/v1/tracks/6D1Fu1lGYHDyhokk254paN,https://api.spotify.com/v1/audio-analysis/6D1Fu1lGYHDyhokk254paN,177640,4,Nothing To Lose
0.35,0.934,10,-4.887,0,0.122,1.41e-6,5.54e-4,0.135,0.654,183.002,audio_features,0Eo1xHYmttDS9qC4aAbwhS,spotify:track:0Eo1xHYmttDS9qC4aAbwhS,https://api.spotify.com/v1/tracks/0Eo1xHYmttDS9qC4aAbwhS,https://api.spotify.com/v1/audio-analysis/0Eo1xHYmttDS9qC4aAbwhS,158507,4,It's Not Enough To Believe
0.2,0.972,4,-4.709,0,0.159,1.08e-5,6.99e-5,0.173,0.408,179.325,audio_features,4QTzs3fDU3ZwYqS5rDNlld,spotify:track:4QTzs3fDU3ZwYqS5rDNlld,https://api.spotify.com/v1/tracks/4QTzs3fDU3ZwYqS5rDNlld,https://api.spotify.com/v1/audio-analysis/4QTzs3fDU3ZwYqS5rDNlld,172133,4,You Get The Life You Chose
0.489,0.972,1,-3.669,0,0.0656,8.31e-5,4.76e-5,0.195,0.555,158.171,audio_features,4MC7sCnS8nsk37BbBUdt4U,spotify:track:4MC7sCnS8nsk37BbBUdt4U,https://api.spotify.com/v1/tracks/4MC7sCnS8nsk37BbBUdt4U,https://api.spotify.com/v1/audio-analysis/4MC7sCnS8nsk37BbBUdt4U,199867,4,Affliction
0.443,0.961,0,-4.261,1,0.0974,8.19e-6,2.95e-5,0.24,0.619,159.959,audio_features,5ACNniIZRuvfvrAVzFoHE7,spotify:track:5ACNniIZRuvfvrAVzFoHE7,https://api.spotify.com/v1/tracks/5ACNniIZRuvfvrAVzFoHE7,https://api.spotify.com/v1/audio-analysis/5ACNniIZRuvfvrAVzFoHE7,124133,4,"Brag, Exaggerate & Lie"
0.447,0.973,7,-4.592,1,0.0998,3.68e-5,1.52e-4,0.0983,0.364,170.012,audio_features,5lsMZB2jxWw8TOmOSV0GTE,spotify:track:5lsMZB2jxWw8TOmOSV0GTE,https://api.spotify.com/v1/tracks/5lsMZB2jxWw8TOmOSV0GTE,https://api.spotify.com/v1/audio-analysis/5lsMZB2jxWw8TOmOSV0GTE,224240,4,Die For You
0.405,0.975,1,-4.633,1,0.1,2.12e-5,3.37e-4,0.0573,0.449,184.96,audio_features,0cBJ1nxAxGKHsOkOETsCdQ,spotify:track:0cBJ1nxAxGKHsOkOETsCdQ,https://api.spotify.com/v1/tracks/0cBJ1nxAxGKHsOkOETsCdQ,https://api.spotify.com/v1/audio-analysis/0cBJ1nxAxGKHsOkOETsCdQ,198000,4,Just One More Day
0.245,0.957,5,-4.082,0,0.0611,0.00242,0.155,0.083,0.441,171.988,audio_features,6DI235reJphp2Sgi72yan1,spotify:track:6DI235reJphp2Sgi72yan1,https://api.spotify.com/v1/tracks/6DI235reJphp2Sgi72yan1,https://api.spotify.com/v1/audio-analysis/6DI235reJphp2Sgi72yan1,239742,4,Tellin' Lies
0.536,0.83,0,-4.554,1,0.0342,6.14e-5,3.8e-5,0.132,0.467,126.039,audio_features,7IFNJ9Cftxk1wKcCIbTodP,spotify:track:7IFNJ9Cftxk1wKcCIbTodP,https://api.spotify.com/v1/tracks/7IFNJ9Cftxk1wKcCIbTodP,https://api.spotify.com/v1/audio-analysis/7IFNJ9Cftxk1wKcCIbTodP,195188,4,Thick as Thieves
0.373,0.886,1,-5.138,1,0.0402,4.04e-4,0.0663,0.252,0.328,164.137,audio_features,61cKoNyxgq4coMLGL2ii4A,spotify:track:61cKoNyxgq4coMLGL2ii4A,https://api.spotify.com/v1/tracks/61cKoNyxgq4coMLGL2ii4A,https://api.spotify.com/v1/audio-analysis/61cKoNyxgq4coMLGL2ii4A,217182,4,Lookers
0.564,0.898,3,-4.491,1,0.0286,9.31e-4,0.00475,0.178,0.64,135.462,audio_features,4OoLYFa1ljARYV6PLvudMG,spotify:track:4OoLYFa1ljARYV6PLvudMG,https://api.spotify.com/v1/tracks/4OoLYFa1ljARYV6PLvudMG,https://api.spotify.com/v1/audio-analysis/4OoLYFa1ljARYV6PLvudMG,207209,4,Midwestern States
0.475,0.954,8,-3.486,1,0.0435,3.37e-4,1.75e-6,0.0889,0.939,149.003,audio_features,2gAVbq81AfZn1I9rKOLQja,spotify:track:2gAVbq81AfZn1I9rKOLQja,https://api.spotify.com/v1/tracks/2gAVbq81AfZn1I9rKOLQja,https://api.spotify.com/v1/audio-analysis/2gAVbq81AfZn1I9rKOLQja,151649,4,Charlie's Army
0.43,0.939,1,-3.785,1,0.0333,1.9e-5,0.0553,0.332,0.792,153.496,audio_features,31EwUXFKyC091Nq85dkSDF,spotify:track:31EwUXFKyC091Nq85dkSDF,https://api.spotify.com/v1/tracks/31EwUXFKyC091Nq85dkSDF,https://api.spotify.com/v1/audio-analysis/31EwUXFKyC091Nq85dkSDF,217969,4,House on Fire
0.61,0.393,0,-10.86,1,0.0283,0.0523,0.0115,0.105,0.243,142.52,audio_features,1xzgrreI6asU8VVp66e6Uc,spotify:track:1xzgrreI6asU8VVp66e6Uc,https://api.spotify.com/v1/tracks/1xzgrreI6asU8VVp66e6Uc,https://api.spotify.com/v1/audio-analysis/1xzgrreI6asU8VVp66e6Uc,172904,3,Black Mass
0.466,0.93,8,-4.01,1,0.0339,4.79e-5,0.161,0.0979,0.748,155.991,audio_features,0gtajT3YF4Og0kM98Mmm1N,spotify:track:0gtajT3YF4Og0kM98Mmm1N,https://api.spotify.com/v1/tracks/0gtajT3YF4Og0kM98Mmm1N,https://api.spotify.com/v1/audio-analysis/0gtajT3YF4Og0kM98Mmm1N,200301,4,Boy Blue
0.398,0.968,1,-4.282,1,0.035,2.16e-5,0.00569,0.105,0.791,156.427,audio_features,2cABtHp3hOF7u3uroljp5m,spotify:track:2cABtHp3hOF7u3uroljp5m,https://api.spotify.com/v1/tracks/2cABtHp3hOF7u3uroljp5m,https://api.spotify.com/v1/audio-analysis/2cABtHp3hOF7u3uroljp5m,234546,4,Your Wild Years
0.566,0.83,5,-5.169,1,0.0283,1.94e-4,0.00682,0.103,0.489,103.53,audio_features,6Q6Y4bD9KfeHwIB8ZP5rLu,spotify:track:6Q6Y4bD9KfeHwIB8ZP5rLu,https://api.spotify.com/v1/tracks/6Q6Y4bD9KfeHwIB8ZP5rLu,https://api.spotify.com/v1/audio-analysis/6Q6Y4bD9KfeHwIB8ZP5rLu,251359,3,The Bars
0.209,0.962,1,-4.435,1,0.0482,2.69e-4,6.97e-5,0.15,0.351,184.267,audio_features,3cnD0uH9C0AY4oxmb84gpc,spotify:track:3cnD0uH9C0AY4oxmb84gpc,https://api.spotify.com/v1/tracks/3cnD0uH9C0AY4oxmb84gpc,https://api.spotify.com/v1/audio-analysis/3cnD0uH9C0AY4oxmb84gpc,230323,4,After the Party
0.578,0.806,10,-5.05,0,0.0267,0.00604,2.62e-4,0.149,0.552,108.996,audio_features,7L23COFY7qgr2CEkBqO18F,spotify:track:7L23COFY7qgr2CEkBqO18F,https://api.spotify.com/v1/tracks/7L23COFY7qgr2CEkBqO18F,https://api.spotify.com/v1/audio-analysis/7L23COFY7qgr2CEkBqO18F,206135,4,Livin' Ain't Easy
0.331,0.83,2,-4.018,1,0.0633,0.00205,1.59e-6,0.613,0.486,177.909,audio_features,5VEImmqpkQPIyD3tAChiGJ,spotify:track:5VEImmqpkQPIyD3tAChiGJ,https://api.spotify.com/v1/tracks/5VEImmqpkQPIyD3tAChiGJ,https://api.spotify.com/v1/audio-analysis/5VEImmqpkQPIyD3tAChiGJ,115755,4,ProVision L-3
0.422,0.989,5,-3.404,0,0.111,1.79e-4,4.56e-4,0.476,0.377,169.782,audio_features,3jHjsNgG1UIlS89vzB1rEt,spotify:track:3jHjsNgG1UIlS89vzB1rEt,https://api.spotify.com/v1/tracks/3jHjsNgG1UIlS89vzB1rEt,https://api.spotify.com/v1/audio-analysis/3jHjsNgG1UIlS89vzB1rEt,176640,4,12:03
0.512,0.918,8,-2.846,1,0.04,0.0023,0,0.215,0.497,128.08,audio_features,4RzjMVsoyIkPM2lMP7pSqI,spotify:track:4RzjMVsoyIkPM2lMP7pSqI,https://api.spotify.com/v1/tracks/4RzjMVsoyIkPM2lMP7pSqI,https://api.spotify.com/v1/audio-analysis/4RzjMVsoyIkPM2lMP7pSqI,235330,4,Boyfriend
0.672,0.907,2,-2.965,1,0.0324,0.0124,7.13e-4,0.111,0.879,149.974,audio_features,3iEV3zaCYBptZuziV6txRL,spotify:track:3iEV3zaCYBptZuziV6txRL,https://api.spotify.com/v1/tracks/3iEV3zaCYBptZuziV6txRL,https://api.spotify.com/v1/audio-analysis/3iEV3zaCYBptZuziV6txRL,155203,4,Crash
0.697,0.866,4,-4.67,0,0.0291,0.0299,0.00236,0.162,0.814,127.009,audio_features,1GcO82tV4jo6V2jpRT7G9n,spotify:track:1GcO82tV4jo6V2jpRT7G9n,https://api.spotify.com/v1/tracks/1GcO82tV4jo6V2jpRT7G9n,https://api.spotify.com/v1/audio-analysis/1GcO82tV4jo6V2jpRT7G9n,257789,4,"Delicate, Petite & Other Things I'll Never Be"
0.601,0.889,0,-4.174,1,0.07,8.1e-4,0.00107,0.0811,0.686,140.006,audio_features,5pyHTi1WOBpU2WvRAlpQ0l,spotify:track:5pyHTi1WOBpU2WvRAlpQ0l,https://api.spotify.com/v1/tracks/5pyHTi1WOBpU2WvRAlpQ0l,https://api.spotify.com/v1/audio-analysis/5pyHTi1WOBpU2WvRAlpQ0l,197853,4,333
0.507,0.961,4,-3.165,0,0.0767,0.0035,5.25e-4,0.403,0.669,128.047,audio_features,3dvNJJ5eiiZu5zmO26yAJM,spotify:track:3dvNJJ5eiiZu5zmO26yAJM,https://api.spotify.com/v1/tracks/3dvNJJ5eiiZu5zmO26yAJM,https://api.spotify.com/v1/audio-analysis/3dvNJJ5eiiZu5zmO26yAJM,145036,4,"Haunting, Haunted, Haunts"
0.61,0.85,4,-4.006,1,0.0341,6.05e-4,2.59e-5,0.147,0.845,142.962,audio_features,0TJ27eoayy3FO0p8EWt0Uj,spotify:track:0TJ27eoayy3FO0p8EWt0Uj,https://api.spotify.com/v1/tracks/0TJ27eoayy3FO0p8EWt0Uj,https://api.spotify.com/v1/audio-analysis/0TJ27eoayy3FO0p8EWt0Uj,248936,4,Dead Rats
0.491,0.975,2,-1.927,1,0.0571,0.0107,0,0.268,0.803,92.039,audio_features,0SW4itgCCZig5oIHIknv9l,spotify:track:0SW4itgCCZig5oIHIknv9l,https://api.spotify.com/v1/tracks/0SW4itgCCZig5oIHIknv9l,https://api.spotify.com/v1/audio-analysis/0SW4itgCCZig5oIHIknv9l,158057,4,Rebecca
0.438,0.935,4,-2.736,0,0.0886,0.00388,0,0.445,0.632,159.972,audio_features,4pFQnJsPUcfCL8yUvLL6od,spotify:track:4pFQnJsPUcfCL8yUvLL6od,https://api.spotify.com/v1/tracks/4pFQnJsPUcfCL8yUvLL6od,https://api.spotify.com/v1/audio-analysis/4pFQnJsPUcfCL8yUvLL6od,187583,4,Norse Truth
0.587,0.953,5,-3.318,1,0.038,0.0012,2.05e-5,0.0376,0.895,123.995,audio_features,5OSSF8dG4oNOmBxa4hplWk,spotify:track:5OSSF8dG4oNOmBxa4hplWk,https://api.spotify.com/v1/tracks/5OSSF8dG4oNOmBxa4hplWk,https://api.spotify.com/v1/audio-analysis/5OSSF8dG4oNOmBxa4hplWk,217802,4,Suicide Bomber
0.661,0.831,9,-4.569,1,0.0276,3.17e-4,6.2e-5,0.0651,0.478,120.062,audio_features,6SQdHpBrpdM6e8adOsLAi9,spotify:track:6SQdHpBrpdM6e8adOsLAi9,https://api.spotify.com/v1/tracks/6SQdHpBrpdM6e8adOsLAi9,https://api.spotify.com/v1/audio-analysis/6SQdHpBrpdM6e8adOsLAi9,216079,4,All This (And More)
0.705,0.747,1,-4.542,1,0.0483,3.61e-4,0,0.311,0.29,129.972,audio_features,5oeKoJMi9g6GXEbtz1ta0f,spotify:track:5oeKoJMi9g6GXEbtz1ta0f,https://api.spotify.com/v1/tracks/5oeKoJMi9g6GXEbtz1ta0f,https://api.spotify.com/v1/audio-analysis/5oeKoJMi9g6GXEbtz1ta0f,234773,4,PMW (All I Really Need) (feat. ScHoolboy Q)
0.597,0.427,5,-6.764,0,0.0536,0.18,1.33e-5,0.121,0.0997,120.085,audio_features,787rCZF9i4L1cXGMkdyIk4,spotify:track:787rCZF9i4L1cXGMkdyIk4,https://api.spotify.com/v1/tracks/787rCZF9i4L1cXGMkdyIk4,https://api.spotify.com/v1/audio-analysis/787rCZF9i4L1cXGMkdyIk4,220133,4,LVL
0.483,0.662,2,-9.18,1,0.541,0.136,0,0.796,0.664,85.798,audio_features,6LqJCjqL4hp0xnnlTEohgd,spotify:track:6LqJCjqL4hp0xnnlTEohgd,https://api.spotify.com/v1/tracks/6LqJCjqL4hp0xnnlTEohgd,https://api.spotify.com/v1/audio-analysis/6LqJCjqL4hp0xnnlTEohgd,285640,4,On Me (feat. Kendrick Lamar)
0.423,0.969,5,-4.782,0,0.077,1.93e-4,0.00537,0.0758,0.271,92.48,audio_features,0CDKEvcZFbZO1YTgpZxZno,spotify:track:0CDKEvcZFbZO1YTgpZxZno,https://api.spotify.com/v1/tracks/0CDKEvcZFbZO1YTgpZxZno,https://api.spotify.com/v1/audio-analysis/0CDKEvcZFbZO1YTgpZxZno,142440,4,I Wanna Die in Los Angeles
0.487,0.952,7,-4.505,0,0.142,0.0115,0.102,0.167,0.197,90.027,audio_features,7JUXLFOt488RbAyBPgsOwn,spotify:track:7JUXLFOt488RbAyBPgsOwn,https://api.spotify.com/v1/tracks/7JUXLFOt488RbAyBPgsOwn,https://api.spotify.com/v1/audio-analysis/7JUXLFOt488RbAyBPgsOwn,126200,4,Tune It Out
0.464,0.953,3,-5.519,1,0.0574,0.0131,2.53e-4,0.109,0.374,95.064,audio_features,5Ztr7IUs5wJ0rE84DwxoYc,spotify:track:5Ztr7IUs5wJ0rE84DwxoYc,https://api.spotify.com/v1/tracks/5Ztr7IUs5wJ0rE84DwxoYc,https://api.spotify.com/v1/audio-analysis/5Ztr7IUs5wJ0rE84DwxoYc,266400,4,Comforting the Disturbed and Disturbing the Comfortable
0.629,0.916,7,-11.587,1,0.0455,0.0703,0.818,0.0613,0.691,101.565,audio_features,5VUkxhgdcoprluCvy8G43D,spotify:track:5VUkxhgdcoprluCvy8G43D,https://api.spotify.com/v1/tracks/5VUkxhgdcoprluCvy8G43D,https://api.spotify.com/v1/audio-analysis/5VUkxhgdcoprluCvy8G43D,256720,4,Since Our Last Goodbye
0.529,0.439,0,-8.807,1,0.0288,0.00877,0.545,0.0455,0.601,154.955,audio_features,3JO6xZZuTC3shXxvXV26Jd,spotify:track:3JO6xZZuTC3shXxvXV26Jd,https://api.spotify.com/v1/tracks/3JO6xZZuTC3shXxvXV26Jd,https://api.spotify.com/v1/audio-analysis/3JO6xZZuTC3shXxvXV26Jd,176212,3,Heartaches and Pain
0.715,0.6,5,-7.728,0,0.0264,0.0714,0.00165,0.0876,0.77,86.989,audio_features,7a5xvCgoD8qFEQmO8Jjvtf,spotify:track:7a5xvCgoD8qFEQmO8Jjvtf,https://api.spotify.com/v1/tracks/7a5xvCgoD8qFEQmO8Jjvtf,https://api.spotify.com/v1/audio-analysis/7a5xvCgoD8qFEQmO8Jjvtf,202492,4,The World (Is Going Up in Flames)
0.625,0.679,5,-8.407,1,0.185,0.0483,0.0315,0.396,0.78,168.039,audio_features,3aFlJHz16Oryu9eql7msb2,spotify:track:3aFlJHz16Oryu9eql7msb2,https://api.spotify.com/v1/tracks/3aFlJHz16Oryu9eql7msb2,https://api.spotify.com/v1/audio-analysis/3aFlJHz16Oryu9eql7msb2,228113,4,The Telephone Song
0.695,0.736,5,-8.124,0,0.0424,0.0121,0.00782,0.0858,0.657,109.422,audio_features,234ihgRn0ndSpHMUDEVmoc,spotify:track:234ihgRn0ndSpHMUDEVmoc,https://api.spotify.com/v1/tracks/234ihgRn0ndSpHMUDEVmoc,https://api.spotify.com/v1/audio-analysis/234ihgRn0ndSpHMUDEVmoc,209351,4,Golden Rule
0.645,0.607,5,-7.537,1,0.0279,0.146,0.00882,0.105,0.417,81.064,audio_features,2iToWc9Plttvx5Flr3Wb6n,spotify:track:2iToWc9Plttvx5Flr3Wb6n,https://api.spotify.com/v1/tracks/2iToWc9Plttvx5Flr3Wb6n,https://api.spotify.com/v1/audio-analysis/2iToWc9Plttvx5Flr3Wb6n,234986,4,I Believe in Your Love
0.739,0.839,10,-11.156,1,0.22,0.0129,0.946,0.208,0.198,99.307,audio_features,4C2YNFPWA9cFU5FlY2W124,spotify:track:4C2YNFPWA9cFU5FlY2W124,https://api.spotify.com/v1/tracks/4C2YNFPWA9cFU5FlY2W124,https://api.spotify.com/v1/audio-analysis/4C2YNFPWA9cFU5FlY2W124,62044,4,Trouble in the Land
0.434,0.448,2,-9.185,0,0.0442,0.0588,3.39e-5,0.0674,0.464,159.336,audio_features,2vJqTJdkt0KsGy7qD6TNx2,spotify:track:2vJqTJdkt0KsGy7qD6TNx2,https://api.spotify.com/v1/tracks/2vJqTJdkt0KsGy7qD6TNx2,https://api.spotify.com/v1/audio-analysis/2vJqTJdkt0KsGy7qD6TNx2,327680,3,"Lovin' You, Baby"
0.72,0.759,0,-7.774,1,0.0804,0.0371,0.0228,0.101,0.61,101.317,audio_features,0LHm5xYhzH6ZfmTVJ6LWpR,spotify:track:0LHm5xYhzH6ZfmTVJ6LWpR,https://api.spotify.com/v1/tracks/0LHm5xYhzH6ZfmTVJ6LWpR,https://api.spotify.com/v1/audio-analysis/0LHm5xYhzH6ZfmTVJ6LWpR,172559,4,No Time for Dreaming
0.535,0.566,3,-7.02,1,0.0375,0.355,5.45e-4,0.0999,0.508,84.218,audio_features,2dDR1wNf50GYrWohFnS3Pv,spotify:track:2dDR1wNf50GYrWohFnS3Pv,https://api.spotify.com/v1/tracks/2dDR1wNf50GYrWohFnS3Pv,https://api.spotify.com/v1/audio-analysis/2dDR1wNf50GYrWohFnS3Pv,234799,3,How Long
0.589,0.56,10,-6.838,0,0.0261,0.629,0.00273,0.157,0.736,97.057,audio_features,5IhEbPS8pxqL6HmFc59LK9,spotify:track:5IhEbPS8pxqL6HmFc59LK9,https://api.spotify.com/v1/tracks/5IhEbPS8pxqL6HmFc59LK9,https://api.spotify.com/v1/audio-analysis/5IhEbPS8pxqL6HmFc59LK9,201549,3,In You (I Found a Love)
0.455,0.522,3,-8.107,1,0.0682,0.475,0.051,0.342,0.604,107.077,audio_features,4JRz7F5wNiilelxS6zeSn9,spotify:track:4JRz7F5wNiilelxS6zeSn9,https://api.spotify.com/v1/tracks/4JRz7F5wNiilelxS6zeSn9,https://api.spotify.com/v1/audio-analysis/4JRz7F5wNiilelxS6zeSn9,249847,3,Why Is It So Hard
0.749,0.659,4,-7.617,0,0.0278,0.139,4.47e-4,0.0716,0.93,91.199,audio_features,0PbOwOT7vjiO0NiI8D31XH,spotify:track:0PbOwOT7vjiO0NiI8D31XH,https://api.spotify.com/v1/tracks/0PbOwOT7vjiO0NiI8D31XH,https://api.spotify.com/v1/audio-analysis/0PbOwOT7vjiO0NiI8D31XH,183440,4,Heart of Gold
0.769,0.71,9,-5.223,0,0.0745,0.0884,0.0561,0.0678,0.64,88.788,audio_features,4ml0940tmn92PzmkSb2lwU,spotify:track:4ml0940tmn92PzmkSb2lwU,https://api.spotify.com/v1/tracks/4ml0940tmn92PzmkSb2lwU,https://api.spotify.com/v1/audio-analysis/4ml0940tmn92PzmkSb2lwU,191553,4,Stay Away
0.559,0.905,2,-6.098,0,0.0452,2.33e-5,0.482,0.183,0.287,117.505,audio_features,4oLMIzNiekdMl4eSJElkT9,spotify:track:4oLMIzNiekdMl4eSJElkT9,https://api.spotify.com/v1/tracks/4oLMIzNiekdMl4eSJElkT9,https://api.spotify.com/v1/audio-analysis/4oLMIzNiekdMl4eSJElkT9,224213,4,The Red White and Blues
0.425,0.915,2,-5.807,0,0.0831,4.75e-4,0.00539,0.119,0.525,178.11,audio_features,2HvFUvDshpsv4955ivC6ag,spotify:track:2HvFUvDshpsv4955ivC6ag,https://api.spotify.com/v1/tracks/2HvFUvDshpsv4955ivC6ag,https://api.spotify.com/v1/audio-analysis/2HvFUvDshpsv4955ivC6ag,181453,3,The Bite and Sting
0.338,0.731,3,-7.147,1,0.0438,0.00141,0.121,0.146,0.254,135.379,audio_features,2qiZBgz8rNfulk84oP2mXQ,spotify:track:2qiZBgz8rNfulk84oP2mXQ,https://api.spotify.com/v1/tracks/2qiZBgz8rNfulk84oP2mXQ,https://api.spotify.com/v1/audio-analysis/2qiZBgz8rNfulk84oP2mXQ,169973,4,A Wound and a Scar
0.344,0.942,2,-6.304,1,0.0762,5.05e-5,0.586,0.088,0.152,178.126,audio_features,3p80x3l6t4RV02iH9PzuTg,spotify:track:3p80x3l6t4RV02iH9PzuTg,https://api.spotify.com/v1/tracks/3p80x3l6t4RV02iH9PzuTg,https://api.spotify.com/v1/audio-analysis/3p80x3l6t4RV02iH9PzuTg,171440,4,Home Ain't Never Home
0.216,0.979,9,-5.408,0,0.0717,1.81e-6,0.812,0.231,0.0463,107.448,audio_features,7dDzCdC7MLoiwofSnBdbXJ,spotify:track:7dDzCdC7MLoiwofSnBdbXJ,https://api.spotify.com/v1/tracks/7dDzCdC7MLoiwofSnBdbXJ,https://api.spotify.com/v1/audio-analysis/7dDzCdC7MLoiwofSnBdbXJ,142960,4,Singin' New York Town
0.528,0.901,2,-7.131,0,0.0435,2.85e-4,0.852,0.134,0.536,120.116,audio_features,2Of02XVcHLnC1Z7fsvbXe9,spotify:track:2Of02XVcHLnC1Z7fsvbXe9,https://api.spotify.com/v1/tracks/2Of02XVcHLnC1Z7fsvbXe9,https://api.spotify.com/v1/audio-analysis/2Of02XVcHLnC1Z7fsvbXe9,262387,4,Beggin' in the Slums
0.424,0.748,8,-8.373,1,0.0589,0.00392,0.617,0.414,0.17,135.004,audio_features,32zWIr61exgPdMHbNI7aot,spotify:track:32zWIr61exgPdMHbNI7aot,https://api.spotify.com/v1/tracks/32zWIr61exgPdMHbNI7aot,https://api.spotify.com/v1/audio-analysis/32zWIr61exgPdMHbNI7aot,178648,4,Contrition
0.577,0.988,8,-3.807,1,0.188,0.00361,0,0.271,0.158,92.503,audio_features,0LkU6Jis0Cy8j32QVlGUAK,spotify:track:0LkU6Jis0Cy8j32QVlGUAK,https://api.spotify.com/v1/tracks/0LkU6Jis0Cy8j32QVlGUAK,https://api.spotify.com/v1/audio-analysis/0LkU6Jis0Cy8j32QVlGUAK,151340,4,Unanswered
0.334,0.991,2,-4.078,1,0.0838,0.00126,0,0.821,0.124,104.325,audio_features,63tgz2E6do9cQV3TT7btCI,spotify:track:63tgz2E6do9cQV3TT7btCI,https://api.spotify.com/v1/tracks/63tgz2E6do9cQV3TT7btCI,https://api.spotify.com/v1/audio-analysis/63tgz2E6do9cQV3TT7btCI,174351,4,December 1943
0.415,0.984,2,-4.255,1,0.115,0.00258,0,0.398,0.189,179.996,audio_features,4fG0O1WKPFdaJLd02pNiW6,spotify:track:4fG0O1WKPFdaJLd02pNiW6,https://api.spotify.com/v1/tracks/4fG0O1WKPFdaJLd02pNiW6,https://api.spotify.com/v1/audio-analysis/4fG0O1WKPFdaJLd02pNiW6,121057,4,Spared In Hell
0.552,0.97,2,-5.056,1,0.0589,5.64e-4,0,0.113,0.181,130.027,audio_features,35WPTCViejf701GNcUCgNz,spotify:track:35WPTCViejf701GNcUCgNz,https://api.spotify.com/v1/tracks/35WPTCViejf701GNcUCgNz,https://api.spotify.com/v1/audio-analysis/35WPTCViejf701GNcUCgNz,209354,4,Divination
0.593,0.967,0,-5.476,0,0.0422,0.00683,0,0.122,0.449,130.016,audio_features,7vgVIQI66uo044H6W379ah,spotify:track:7vgVIQI66uo044H6W379ah,https://api.spotify.com/v1/tracks/7vgVIQI66uo044H6W379ah,https://api.spotify.com/v1/audio-analysis/7vgVIQI66uo044H6W379ah,207776,4,Borrowed & Blue
0.397,0.966,7,-4.653,0,0.144,0.00956,0,0.571,0.103,169.574,audio_features,2rZOHJA1hBXerpoEwj8H6U,spotify:track:2rZOHJA1hBXerpoEwj8H6U,https://api.spotify.com/v1/tracks/2rZOHJA1hBXerpoEwj8H6U,https://api.spotify.com/v1/audio-analysis/2rZOHJA1hBXerpoEwj8H6U,158930,3,Penance
0.593,0.955,10,-5.433,1,0.0857,0.0132,0,0.0712,0.306,145.026,audio_features,6i3u41qQuE2958RlVmAxp0,spotify:track:6i3u41qQuE2958RlVmAxp0,https://api.spotify.com/v1/tracks/6i3u41qQuE2958RlVmAxp0,https://api.spotify.com/v1/audio-analysis/6i3u41qQuE2958RlVmAxp0,188972,4,Remorse
0.612,0.97,1,-4.867,1,0.08,0.00374,0,0.12,0.226,125.019,audio_features,0t89sMKWXBfBx7oPzoaD5z,spotify:track:0t89sMKWXBfBx7oPzoaD5z,https://api.spotify.com/v1/tracks/0t89sMKWXBfBx7oPzoaD5z,https://api.spotify.com/v1/audio-analysis/0t89sMKWXBfBx7oPzoaD5z,137222,4,Pillar Of Salt
0.567,0.695,7,-5.881,1,0.0417,0.00328,0.0012,0.0827,0.235,140.005,audio_features,6B1MwM4hAnXmy3Tt3P6EpK,spotify:track:6B1MwM4hAnXmy3Tt3P6EpK,https://api.spotify.com/v1/tracks/6B1MwM4hAnXmy3Tt3P6EpK,https://api.spotify.com/v1/audio-analysis/6B1MwM4hAnXmy3Tt3P6EpK,209354,4,Atonement
0.483,0.795,0,-6.571,0,0.0605,0.0176,0.00174,0.485,0.234,159.994,audio_features,0RXSjJ2ACJsLlVh5iHnEqr,spotify:track:0RXSjJ2ACJsLlVh5iHnEqr,https://api.spotify.com/v1/tracks/0RXSjJ2ACJsLlVh5iHnEqr,https://api.spotify.com/v1/audio-analysis/0RXSjJ2ACJsLlVh5iHnEqr,272994,3,Vice & Regret
0.521,0.754,5,-4.788,1,0.0363,5.52e-4,7.34e-6,0.113,0.509,135.085,audio_features,5GxDynr5UekPJZDV7UAcRL,spotify:track:5GxDynr5UekPJZDV7UAcRL,https://api.spotify.com/v1/tracks/5GxDynr5UekPJZDV7UAcRL,https://api.spotify.com/v1/audio-analysis/5GxDynr5UekPJZDV7UAcRL,177778,4,Still & True
0.584,0.144,0,-12.378,1,0.036,0.718,3.02e-5,0.129,0.165,107.941,audio_features,631atFA9zTnYpXMfVwVyMB,spotify:track:631atFA9zTnYpXMfVwVyMB,https://api.spotify.com/v1/tracks/631atFA9zTnYpXMfVwVyMB,https://api.spotify.com/v1/audio-analysis/631atFA9zTnYpXMfVwVyMB,243556,5,Let Me Down
0.637,0.98,11,-4.176,0,0.083,5.77e-4,0,0.297,0.289,105.003,audio_features,4UH3wKQUfE3PH934SRqmCi,spotify:track:4UH3wKQUfE3PH934SRqmCi,https://api.spotify.com/v1/tracks/4UH3wKQUfE3PH934SRqmCi,https://api.spotify.com/v1/audio-analysis/4UH3wKQUfE3PH934SRqmCi,156920,4,Bastards
0.541,0.965,2,-4.465,1,0.106,2.77e-4,0,0.125,0.141,135.051,audio_features,5TwwDAGParTvA2YZLPTbyo,spotify:track:5TwwDAGParTvA2YZLPTbyo,https://api.spotify.com/v1/tracks/5TwwDAGParTvA2YZLPTbyo,https://api.spotify.com/v1/audio-analysis/5TwwDAGParTvA2YZLPTbyo,211507,4,No Shame
0.566,0.992,7,-4.232,0,0.0717,1.24e-4,3.69e-5,0.136,0.104,117.495,audio_features,0BO3HddGeILt6XfKo6Y9MR,spotify:track:0BO3HddGeILt6XfKo6Y9MR,https://api.spotify.com/v1/tracks/0BO3HddGeILt6XfKo6Y9MR,https://api.spotify.com/v1/audio-analysis/0BO3HddGeILt6XfKo6Y9MR,192893,4,Hopeless Again
0.601,0.975,7,-5.101,1,0.0784,1.74e-4,5.46e-5,0.356,0.206,122.503,audio_features,1D5DZ2icOmzw63cLJw5rSL,spotify:track:1D5DZ2icOmzw63cLJw5rSL,https://api.spotify.com/v1/tracks/1D5DZ2icOmzw63cLJw5rSL,https://api.spotify.com/v1/audio-analysis/1D5DZ2icOmzw63cLJw5rSL,207747,4,Blood In My Veins
0.425,0.975,9,-4.415,1,0.121,8.98e-6,0,0.267,0.412,165.002,audio_features,7LQ6tWBusKcIEJmbMVjKVc,spotify:track:7LQ6tWBusKcIEJmbMVjKVc,https://api.spotify.com/v1/tracks/7LQ6tWBusKcIEJmbMVjKVc,https://api.spotify.com/v1/audio-analysis/7LQ6tWBusKcIEJmbMVjKVc,149093,3,No Relief
0.368,0.978,0,-4.292,1,0.0769,3.52e-6,0.0152,0.21,0.348,184.904,audio_features,6SbizytD4ImQP9cBDqFm4r,spotify:track:6SbizytD4ImQP9cBDqFm4r,https://api.spotify.com/v1/tracks/6SbizytD4ImQP9cBDqFm4r,https://api.spotify.com/v1/audio-analysis/6SbizytD4ImQP9cBDqFm4r,150440,4,No Faith
0.5,0.966,8,-5.066,1,0.075,0.00145,6.47e-5,0.14,0.377,134.982,audio_features,1p8gliFUUZKSJUoU3riTaD,spotify:track:1p8gliFUUZKSJUoU3riTaD,https://api.spotify.com/v1/tracks/1p8gliFUUZKSJUoU3riTaD,https://api.spotify.com/v1/audio-analysis/1p8gliFUUZKSJUoU3riTaD,186440,3,Dead Set
0.665,0.685,0,-6.782,1,0.0536,0.00272,7.56e-4,0.0786,0.118,120.05,audio_features,1Llq44poxaZdTdTc30jwro,spotify:track:1Llq44poxaZdTdTc30jwro,https://api.spotify.com/v1/tracks/1Llq44poxaZdTdTc30jwro,https://api.spotify.com/v1/audio-analysis/1Llq44poxaZdTdTc30jwro,236667,4,No Savior
0.485,0.971,7,-5.068,0,0.153,9.8e-4,3.79e-5,0.0477,0.241,170.203,audio_features,0A1IlDMpoqMzBm1IukYjL5,spotify:track:0A1IlDMpoqMzBm1IukYjL5,https://api.spotify.com/v1/tracks/0A1IlDMpoqMzBm1IukYjL5,https://api.spotify.com/v1/audio-analysis/0A1IlDMpoqMzBm1IukYjL5,164747,3,Rabbit Foot
0.38,0.959,7,-4.324,0,0.114,0.00253,0.666,0.0703,0.0547,139.997,audio_features,194cV55WuEMTFzrVTEDn2y,spotify:track:194cV55WuEMTFzrVTEDn2y,https://api.spotify.com/v1/tracks/194cV55WuEMTFzrVTEDn2y,https://api.spotify.com/v1/audio-analysis/194cV55WuEMTFzrVTEDn2y,392893,4,Bled Out
0.23,0.99,2,-4.64,0,0.103,0.00102,0,0.101,0.0575,94.745,audio_features,45c9E6uiHu8DAmE6ms1kRG,spotify:track:45c9E6uiHu8DAmE6ms1kRG,https://api.spotify.com/v1/tracks/45c9E6uiHu8DAmE6ms1kRG,https://api.spotify.com/v1/audio-analysis/45c9E6uiHu8DAmE6ms1kRG,148253,4,Warm Blood Rush
0.503,0.956,2,-4.998,0,0.194,0.0018,0,0.0567,0.11,150.03,audio_features,1A6I0JzfSAGn4cTl4iBacf,spotify:track:1A6I0JzfSAGn4cTl4iBacf,https://api.spotify.com/v1/tracks/1A6I0JzfSAGn4cTl4iBacf,https://api.spotify.com/v1/audio-analysis/1A6I0JzfSAGn4cTl4iBacf,171120,4,Dear Father
0.246,0.976,2,-5.508,0,0.142,0.00112,2.53e-6,0.376,0.052,159.834,audio_features,3UkOiYRXuYf7fkoX9tW08t,spotify:track:3UkOiYRXuYf7fkoX9tW08t,https://api.spotify.com/v1/tracks/3UkOiYRXuYf7fkoX9tW08t,https://api.spotify.com/v1/audio-analysis/3UkOiYRXuYf7fkoX9tW08t,157440,3,No Kind of Home
0.354,0.989,7,-4.482,0,0.0911,0.0335,0,0.34,0.126,179.941,audio_features,0tIowjev8rHMrBfLTRNTaJ,spotify:track:0tIowjev8rHMrBfLTRNTaJ,https://api.spotify.com/v1/tracks/0tIowjev8rHMrBfLTRNTaJ,https://api.spotify.com/v1/audio-analysis/0tIowjev8rHMrBfLTRNTaJ,130373,4,White Knuckles
0.557,0.947,7,-4.969,0,0.0538,0.00847,0,0.128,0.25,122.466,audio_features,081cn08O235T5kWeZlR91A,spotify:track:081cn08O235T5kWeZlR91A,https://api.spotify.com/v1/tracks/081cn08O235T5kWeZlR91A,https://api.spotify.com/v1/audio-analysis/081cn08O235T5kWeZlR91A,234253,4,Quiet The Longing
0.565,0.927,2,-6.249,0,0.184,0.0803,0,0.0609,0.0395,140.177,audio_features,2EHWho1bdwnrecYfNLpV0r,spotify:track:2EHWho1bdwnrecYfNLpV0r,https://api.spotify.com/v1/tracks/2EHWho1bdwnrecYfNLpV0r,https://api.spotify.com/v1/audio-analysis/2EHWho1bdwnrecYfNLpV0r,420000,4,White Oak Doors
0.464,0.295,5,-11.078,1,0.0634,0.528,0,0.149,0.47,141.427,audio_features,39OtZFWIyGrLxE13yMaGeY,spotify:track:39OtZFWIyGrLxE13yMaGeY,https://api.spotify.com/v1/tracks/39OtZFWIyGrLxE13yMaGeY,https://api.spotify.com/v1/audio-analysis/39OtZFWIyGrLxE13yMaGeY,220640,4,But Breathing
0.497,0.561,7,-10.343,0,0.0311,0.403,0.00659,0.0928,0.339,167.077,audio_features,4w5uAeww7Mwm2nn2c6hdWe,spotify:track:4w5uAeww7Mwm2nn2c6hdWe,https://api.spotify.com/v1/tracks/4w5uAeww7Mwm2nn2c6hdWe,https://api.spotify.com/v1/audio-analysis/4w5uAeww7Mwm2nn2c6hdWe,305373,4,Brothers
0.667,0.313,5,-10.324,1,0.0291,0.726,0,0.118,0.337,74.512,audio_features,0hiurDVnqtT7j1y3svPfC6,spotify:track:0hiurDVnqtT7j1y3svPfC6,https://api.spotify.com/v1/tracks/0hiurDVnqtT7j1y3svPfC6,https://api.spotify.com/v1/audio-analysis/0hiurDVnqtT7j1y3svPfC6,178467,4,Headstone
0.589,0.983,5,-5.38,0,0.0633,0.001,0,0.575,0.236,104.049,audio_features,7LevNEF8cbmMyeNtZ13Aqn,spotify:track:7LevNEF8cbmMyeNtZ13Aqn,https://api.spotify.com/v1/tracks/7LevNEF8cbmMyeNtZ13Aqn,https://api.spotify.com/v1/audio-analysis/7LevNEF8cbmMyeNtZ13Aqn,159320,4,"Waves Crash, Clouds Roll"
0.512,0.934,8,-6.087,1,0.0631,0.0618,0,0.119,0.113,180.256,audio_features,5AuzBUUwWZqYYA22gUw6UU,spotify:track:5AuzBUUwWZqYYA22gUw6UU,https://api.spotify.com/v1/tracks/5AuzBUUwWZqYYA22gUw6UU,https://api.spotify.com/v1/audio-analysis/5AuzBUUwWZqYYA22gUw6UU,211507,4,Empty Glass
0.436,0.895,2,-5.73,1,0.0702,0.00176,0,0.11,0.533,175.09,audio_features,6wRKqGuRG2iVoztYvCX0f4,spotify:track:6wRKqGuRG2iVoztYvCX0f4,https://api.spotify.com/v1/tracks/6wRKqGuRG2iVoztYvCX0f4,https://api.spotify.com/v1/audio-analysis/6wRKqGuRG2iVoztYvCX0f4,211707,4,Cemetery Walls
0.366,0.926,9,-5.774,0,0.162,0.0537,0,0.126,0.0789,175.027,audio_features,6DLa7tnfkeSv4aYPZw5X7Y,spotify:track:6DLa7tnfkeSv4aYPZw5X7Y,https://api.spotify.com/v1/tracks/6DLa7tnfkeSv4aYPZw5X7Y,https://api.spotify.com/v1/audio-analysis/6DLa7tnfkeSv4aYPZw5X7Y,196627,3,At Peace
0.782,0.329,10,-10.347,1,0.0368,0.231,5.94e-6,0.107,0.434,91.523,audio_features,6P7DStTNQ30weKZBhVi9n0,spotify:track:6P7DStTNQ30weKZBhVi9n0,https://api.spotify.com/v1/tracks/6P7DStTNQ30weKZBhVi9n0,https://api.spotify.com/v1/audio-analysis/6P7DStTNQ30weKZBhVi9n0,228347,4,I Don't Mind
0.466,0.99,7,-4.357,0,0.0633,1.27e-4,0.0196,0.383,0.153,123.076,audio_features,3TNfn1aYzMFH3GSMSawpmP,spotify:track:3TNfn1aYzMFH3GSMSawpmP,https://api.spotify.com/v1/tracks/3TNfn1aYzMFH3GSMSawpmP,https://api.spotify.com/v1/audio-analysis/3TNfn1aYzMFH3GSMSawpmP,183787,4,Blessed Burden
0.268,0.959,9,-4.599,1,0.0783,0.00139,1.07e-5,0.563,0.184,147.436,audio_features,5PAvyovECaWI9pcgspTjfJ,spotify:track:5PAvyovECaWI9pcgspTjfJ,https://api.spotify.com/v1/tracks/5PAvyovECaWI9pcgspTjfJ,https://api.spotify.com/v1/audio-analysis/5PAvyovECaWI9pcgspTjfJ,161332,4,Everything Went Quiet
0.269,0.974,5,-4.905,1,0.137,0.00106,3.73e-4,0.232,0.11,104.517,audio_features,4DAwC8imRioyli6aWwD6sQ,spotify:track:4DAwC8imRioyli6aWwD6sQ,https://api.spotify.com/v1/tracks/4DAwC8imRioyli6aWwD6sQ,https://api.spotify.com/v1/audio-analysis/4DAwC8imRioyli6aWwD6sQ,185027,4,Nameless Streets
0.298,0.971,3,-4.456,1,0.0561,2.4e-4,0.00369,0.099,0.202,135.981,audio_features,36SE3h4TgdglTnX6keo7vN,spotify:track:36SE3h4TgdglTnX6keo7vN,https://api.spotify.com/v1/tracks/36SE3h4TgdglTnX6keo7vN,https://api.spotify.com/v1/audio-analysis/36SE3h4TgdglTnX6keo7vN,152467,4,Forgiver Forgetter
0.217,0.979,2,-5.06,1,0.0864,7.93e-5,0.0106,0.341,0.154,113.141,audio_features,2wVuSWO6EPFLSo6aJbJg0n,spotify:track:2wVuSWO6EPFLSo6aJbJg0n,https://api.spotify.com/v1/tracks/2wVuSWO6EPFLSo6aJbJg0n,https://api.spotify.com/v1/audio-analysis/2wVuSWO6EPFLSo6aJbJg0n,148507,4,City By Dawn
0.436,0.831,2,-6.122,0,0.0569,0.0704,6.69e-6,0.2,0.634,107.101,audio_features,6nAMK6KCJp5KMFE1BFgxSu,spotify:track:6nAMK6KCJp5KMFE1BFgxSu,https://api.spotify.com/v1/tracks/6nAMK6KCJp5KMFE1BFgxSu,https://api.spotify.com/v1/audio-analysis/6nAMK6KCJp5KMFE1BFgxSu,246493,4,Prophet In Plain Clothes
0.259,0.993,3,-4.557,1,0.0889,5.52e-4,0.0119,0.371,0.149,109.501,audio_features,7mqfYpdf0Foy0uV6unedU5,spotify:track:7mqfYpdf0Foy0uV6unedU5,https://api.spotify.com/v1/tracks/7mqfYpdf0Foy0uV6unedU5,https://api.spotify.com/v1/audio-analysis/7mqfYpdf0Foy0uV6unedU5,144560,4,Carrying Weight
0.437,0.981,9,-4.28,1,0.0678,2.42e-4,4.33e-4,0.255,0.354,137.643,audio_features,4Bv11pVOmoBFPTLfh3RFMW,spotify:track:4Bv11pVOmoBFPTLfh3RFMW,https://api.spotify.com/v1/tracks/4Bv11pVOmoBFPTLfh3RFMW,https://api.spotify.com/v1/audio-analysis/4Bv11pVOmoBFPTLfh3RFMW,130640,4,Moon Shine
0.465,0.995,0,-4.354,1,0.0753,1.8e-4,0.00158,0.355,0.148,134.997,audio_features,10LVpqoLknUY0k3pWat3n0,spotify:track:10LVpqoLknUY0k3pWat3n0,https://api.spotify.com/v1/tracks/10LVpqoLknUY0k3pWat3n0,https://api.spotify.com/v1/audio-analysis/10LVpqoLknUY0k3pWat3n0,57093,4,The Blues
0.265,0.992,2,-4.32,1,0.0809,1.98e-4,0.00104,0.183,0.175,128.357,audio_features,3I1Qinzials4mut5v6VC7A,spotify:track:3I1Qinzials4mut5v6VC7A,https://api.spotify.com/v1/tracks/3I1Qinzials4mut5v6VC7A,https://api.spotify.com/v1/audio-analysis/3I1Qinzials4mut5v6VC7A,145627,4,Debts
0.264,0.892,2,-5.711,1,0.0714,0.00258,0.00414,0.122,0.0637,134.859,audio_features,15b59S4aWa40zbUtGSGy0R,spotify:track:15b59S4aWa40zbUtGSGy0R,https://api.spotify.com/v1/tracks/15b59S4aWa40zbUtGSGy0R,https://api.spotify.com/v1/audio-analysis/15b59S4aWa40zbUtGSGy0R,379040,4,Cowardice
0.299,0.972,9,-3.025,0,0.204,0.00308,0,0.148,0.608,160.198,audio_features,7lSOSy0dLbxSEC4sILOhsW,spotify:track:7lSOSy0dLbxSEC4sILOhsW,https://api.spotify.com/v1/tracks/7lSOSy0dLbxSEC4sILOhsW,https://api.spotify.com/v1/audio-analysis/7lSOSy0dLbxSEC4sILOhsW,191560,4,Boomboxes And Dictionaries
0.432,0.941,7,-3.802,0,0.232,0.00284,0,0.333,0.513,90.194,audio_features,3zNJ4NSsoHJB6lduCyQqm0,spotify:track:3zNJ4NSsoHJB6lduCyQqm0,https://api.spotify.com/v1/tracks/3zNJ4NSsoHJB6lduCyQqm0,https://api.spotify.com/v1/audio-analysis/3zNJ4NSsoHJB6lduCyQqm0,202173,4,I Coul'da Been A Contender
0.329,0.985,7,-2.601,1,0.106,0.00485,4.37e-6,0.354,0.368,90.058,audio_features,5HXbZ8oxAySglI6Av93eDJ,spotify:track:5HXbZ8oxAySglI6Av93eDJ,https://api.spotify.com/v1/tracks/5HXbZ8oxAySglI6Av93eDJ,https://api.spotify.com/v1/audio-analysis/5HXbZ8oxAySglI6Av93eDJ,131027,4,Wooderson
0.259,0.981,7,-2.761,1,0.146,0.00714,1.07e-6,0.137,0.415,169.929,audio_features,2vrIj2M9YOmYyjKqMf93SI,spotify:track:2vrIj2M9YOmYyjKqMf93SI,https://api.spotify.com/v1/tracks/2vrIj2M9YOmYyjKqMf93SI,https://api.spotify.com/v1/audio-analysis/2vrIj2M9YOmYyjKqMf93SI,213973,4,We Came To Dance
0.222,0.995,0,-2.935,0,0.252,0.0123,1.9e-6,0.341,0.146,186.332,audio_features,064pUkkLH7PHrwE16WFGgD,spotify:track:064pUkkLH7PHrwE16WFGgD,https://api.spotify.com/v1/tracks/064pUkkLH7PHrwE16WFGgD,https://api.spotify.com/v1/audio-analysis/064pUkkLH7PHrwE16WFGgD,224867,4,1930
0.59,0.228,8,-15.131,0,0.0322,0.759,0.00502,0.116,0.345,90.268,audio_features,4dRBz1JQWDffB8RqGgdppc,spotify:track:4dRBz1JQWDffB8RqGgdppc,https://api.spotify.com/v1/tracks/4dRBz1JQWDffB8RqGgdppc,https://api.spotify.com/v1/audio-analysis/4dRBz1JQWDffB8RqGgdppc,168733,4,The Navesink Banks
0.408,0.987,6,-2.795,0,0.172,0.011,0,0.135,0.412,91.423,audio_features,32KYxrumJ5himfhDbfZX8m,spotify:track:32KYxrumJ5himfhDbfZX8m,https://api.spotify.com/v1/tracks/32KYxrumJ5himfhDbfZX8m,https://api.spotify.com/v1/audio-analysis/32KYxrumJ5himfhDbfZX8m,171667,4,Red In The Morning
0.404,0.984,10,-3.017,1,0.19,0.00394,1.05e-5,0.0604,0.476,172.015,audio_features,2v7BCqDIsDzc8mpDtoHBEV,spotify:track:2v7BCqDIsDzc8mpDtoHBEV,https://api.spotify.com/v1/tracks/2v7BCqDIsDzc8mpDtoHBEV,https://api.spotify.com/v1/audio-analysis/2v7BCqDIsDzc8mpDtoHBEV,201227,4,"I'da Called You Woody, Joe"
0.372,0.951,7,-3.633,0,0.126,0.00527,4.73e-6,0.328,0.477,122.37,audio_features,15ajHgwqNYTPFlD0ijNqoS,spotify:track:15ajHgwqNYTPFlD0ijNqoS,https://api.spotify.com/v1/tracks/15ajHgwqNYTPFlD0ijNqoS,https://api.spotify.com/v1/audio-analysis/15ajHgwqNYTPFlD0ijNqoS,180507,4,Angry Johnny And The Radio
0.41,0.975,0,-2.313,1,0.0632,0.0167,0,0.876,0.516,95.13,audio_features,4ZAJxje385eymNlurEerOd,spotify:track:4ZAJxje385eymNlurEerOd,https://api.spotify.com/v1/tracks/4ZAJxje385eymNlurEerOd,https://api.spotify.com/v1/audio-analysis/4ZAJxje385eymNlurEerOd,175800,4,Drive
0.421,0.973,7,-3.712,1,0.169,0.0236,1.66e-6,0.316,0.305,125.166,audio_features,6KwAGGHGAEU1xiOQxEwodO,spotify:track:6KwAGGHGAEU1xiOQxEwodO,https://api.spotify.com/v1/tracks/6KwAGGHGAEU1xiOQxEwodO,https://api.spotify.com/v1/audio-analysis/6KwAGGHGAEU1xiOQxEwodO,191867,4,"We're Getting A Divorce, You Keep The Diner"
0.651,0.225,0,-11.983,1,0.0269,0.626,1.55e-5,0.093,0.214,84.92,audio_features,3jYbtEje45gyo9B1eB7mjr,spotify:track:3jYbtEje45gyo9B1eB7mjr,https://api.spotify.com/v1/tracks/3jYbtEje45gyo9B1eB7mjr,https://api.spotify.com/v1/audio-analysis/3jYbtEje45gyo9B1eB7mjr,187293,4,Red At Night
